[14:14:46] [main/INFO]: Loading Minecraft 26.2 with Fabric Loader 0.19.5
[14:14:46] [main/INFO]: Mappings not present!
[14:14:48] [ForkJoinPool-1-worker-1/WARN]: Mod litematica-printer-wrapper uses the version beta25 which isn't compatible with Loader's extended semantic version format (Could not parse version number component 'beta25'!), SemVer is recommended for reliably evaluating dependencies and prioritizing newer version
[14:14:48] [ForkJoinPool-1-worker-3/WARN]: Mod litematica-printer uses the version beta25 which isn't compatible with Loader's extended semantic version format (Could not parse version number component 'beta25'!), SemVer is recommended for reliably evaluating dependencies and prioritizing newer version
[14:14:48] [ForkJoinPool-1-worker-4/WARN]: Mod litematica-printer uses the version beta25 which isn't compatible with Loader's extended semantic version format (Could not parse version number component 'beta25'!), SemVer is recommended for reliably evaluating dependencies and prioritizing newer version
[14:14:48] [ForkJoinPool-1-worker-4/WARN]: Mod litematica-printer uses the version beta25 which isn't compatible with Loader's extended semantic version format (Could not parse version number component 'beta25'!), SemVer is recommended for reliably evaluating dependencies and prioritizing newer version
[14:14:48] [ForkJoinPool-1-worker-4/WARN]: Mod litematica-printer uses the version beta25 which isn't compatible with Loader's extended semantic version format (Could not parse version number component 'beta25'!), SemVer is recommended for reliably evaluating dependencies and prioritizing newer version
[14:14:48] [ForkJoinPool-1-worker-2/WARN]: Mod litematica-printer uses the version beta25 which isn't compatible with Loader's extended semantic version format (Could not parse version number component 'beta25'!), SemVer is recommended for reliably evaluating dependencies and prioritizing newer version
[14:14:48] [ForkJoinPool-1-worker-4/WARN]: Mod litematica-printer uses the version beta25 which isn't compatible with Loader's extended semantic version format (Could not parse version number component 'beta25'!), SemVer is recommended for reliably evaluating dependencies and prioritizing newer version
[14:14:48] [ForkJoinPool-1-worker-2/WARN]: Mod litematica-printer uses the version beta25 which isn't compatible with Loader's extended semantic version format (Could not parse version number component 'beta25'!), SemVer is recommended for reliably evaluating dependencies and prioritizing newer version
[14:14:48] [ForkJoinPool-1-worker-3/WARN]: Mod litematica-printer uses the version beta25 which isn't compatible with Loader's extended semantic version format (Could not parse version number component 'beta25'!), SemVer is recommended for reliably evaluating dependencies and prioritizing newer version
[14:14:48] [ForkJoinPool-1-worker-2/WARN]: Mod litematica-printer uses the version beta25 which isn't compatible with Loader's extended semantic version format (Could not parse version number component 'beta25'!), SemVer is recommended for reliably evaluating dependencies and prioritizing newer version
[14:14:48] [ForkJoinPool-1-worker-4/WARN]: Mod punchy uses the version 2.8d which isn't compatible with Loader's extended semantic version format (Could not parse version number component '8d'!), SemVer is recommended for reliably evaluating dependencies and prioritizing newer version
[14:14:48] [ForkJoinPool-1-worker-3/WARN]: Mod litematica-printer uses the version beta25 which isn't compatible with Loader's extended semantic version format (Could not parse version number component 'beta25'!), SemVer is recommended for reliably evaluating dependencies and prioritizing newer version
[14:14:48] [ForkJoinPool-1-worker-4/WARN]: Mod litematica-printer uses the version beta25 which isn't compatible with Loader's extended semantic version format (Could not parse version number component 'beta25'!), SemVer is recommended for reliably evaluating dependencies and prioritizing newer version
[14:14:48] [ForkJoinPool-1-worker-4/WARN]: Mod litematica-printer uses the version beta25 which isn't compatible with Loader's extended semantic version format (Could not parse version number component 'beta25'!), SemVer is recommended for reliably evaluating dependencies and prioritizing newer version
[14:14:48] [ForkJoinPool-1-worker-4/WARN]: Mod litematica-printer uses the version beta25 which isn't compatible with Loader's extended semantic version format (Could not parse version number component 'beta25'!), SemVer is recommended for reliably evaluating dependencies and prioritizing newer version
[14:14:48] [ForkJoinPool-1-worker-4/WARN]: Mod litematica-printer uses the version beta25 which isn't compatible with Loader's extended semantic version format (Could not parse version number component 'beta25'!), SemVer is recommended for reliably evaluating dependencies and prioritizing newer version
[14:14:48] [ForkJoinPool-1-worker-1/WARN]: Mod litematica-printer uses the version beta25 which isn't compatible with Loader's extended semantic version format (Could not parse version number component 'beta25'!), SemVer is recommended for reliably evaluating dependencies and prioritizing newer version
[14:14:48] [ForkJoinPool-1-worker-1/WARN]: Mod litematica-printer uses the version beta25 which isn't compatible with Loader's extended semantic version format (Could not parse version number component 'beta25'!), SemVer is recommended for reliably evaluating dependencies and prioritizing newer version
[14:14:49] [main/INFO]: Dependencies overridden for configured, entityculling, magiclib_core, xaeroplus, continuity, lightconfig, b100lib, architectury, fullscreenfix, magiclib, skyboxify, transition, magiclib_malilib_extra, magiclib_minecraft_api, trender, masa_gadget_mod, modelfix, packetfixer, notenoughanimations, advancements_reloaded, durabilitytooltip, controlling, searchables
[14:14:49] [main/INFO]: Loading 262 mods:
	- advancements_reloaded 0.14.0
	- animatica 0.6.3+26.2
	- appleskin 3.0.10+mc26.2
	- architectury 21.1.11
	- asyncparticles 26.2.2.9
	   \-- mixinsquared 0.3.7-beta.3
	- autofish 1.5.1-fabric-mc26.2
	- autois 1.0.0
	- axiom 6.1.3
	   |-- com_moulberry_axiomclientapi-unobf 1.0.34
	   \-- lattice 2.2.0
	- betterblockentities 1.3.8-beta.1+mc26.2
	- betterstats 5.5.6+fabric-26.2
	- c2me 0.4.2-alpha.0.55+26.2
	   |-- c2me-base 0.4.2-alpha.0.55+26.2
	   |-- c2me-client-uncapvd 0.4.2-alpha.0.55+26.2
	   |-- c2me-fixes-chunkio-threading-issues 0.4.2-alpha.0.55+26.2
	   |-- c2me-fixes-general-threading-issues 0.4.2-alpha.0.55+26.2
	   |-- c2me-fixes-worldgen-threading-issues 0.4.2-alpha.0.55+26.2
	   |-- c2me-fixes-worldgen-vanilla-bugs 0.4.2-alpha.0.55+26.2
	   |-- c2me-notickvd 0.4.2-alpha.0.55+26.2
	   |-- c2me-opts-allocs 0.4.2-alpha.0.55+26.2
	   |-- c2me-opts-chunkio 0.4.2-alpha.0.55+26.2
	   |-- c2me-opts-dfc 0.4.2-alpha.0.55+26.2
	   |-- c2me-opts-math 0.4.2-alpha.0.55+26.2
	   |-- c2me-opts-natives-math 0.4.2-alpha.0.55+26.2
	   |-- c2me-opts-scheduling 0.4.2-alpha.0.55+26.2
	   |-- c2me-opts-worldgen-general 0.4.2-alpha.0.55+26.2
	   |-- c2me-opts-worldgen-vanilla 0.4.2-alpha.0.55+26.2
	   |-- c2me-rewrites-chunk-serializer 0.4.2-alpha.0.55+26.2
	   |-- c2me-rewrites-chunk-system 0.4.2-alpha.0.55+26.2
	   |-- c2me-rewrites-chunkio 0.4.2-alpha.0.55+26.2
	   |-- c2me-server-utils 0.4.2-alpha.0.55+26.2
	   |-- c2me-threading-lighting 0.4.2-alpha.0.55+26.2
	   |-- com_github_ben-manes_caffeine_caffeine 3.2.1
	   |-- com_ibm_async_asyncutil 0.1.0
	   |-- io_reactivex_rxjava3_rxjava 3.1.12
	   |-- net_objecthunter_exp4j 0.4.8
	   |-- org_jctools_jctools-core 4.0.5
	   \-- org_reactivestreams_reactive-streams 1.0.4
	- capes 1.5.11+26.2
	- carpet 26.2+v260616
	- carpet-tis-addition 1.82.4
	   \-- conditional-mixin 0.6.4
	- chat_heads 1.3.0
	- cloth-config 26.2.155
	   \-- cloth-basic-math 0.6.1
	- configured 2.7.5
	- continuity 3.0.1+26.2
	- controlling 26.2.4
	- customskinloader-bootstrap 15.0.1
	- durabilityviewer 26.2-1.11.2
	- e4mc 6.2.2+modern
	   \-- folk_sisby_kaleido-config 0.3.3+1.3.2
	- entity_model_features 3.3.8
	- entity_texture_features 7.2.4
	- entityculling 1.11.2
	   |-- transition 1.0.25
	   \-- trender 1.0.17
	- euphoria_patcher 1.10.5-r5.9.3-fabric
	- exploitpreventer 1.2.0
	   |-- com_nikoverflow_api 1.0.0
	   \-- dev_lukebemish_opensesame_opensesame-core 0.8.1
	- fabric-api 0.161.0+26.2
	   |-- fabric-advancement-api-v1 1.0.0+58719a3b9e
	   |-- fabric-api-base 2.0.4+ece063239e
	   |-- fabric-api-lookup-api-v1 2.0.18+11e1c9a39e
	   |-- fabric-biome-api-v1 18.0.6+c7bd5b8e9e
	   |-- fabric-block-api-v1 3.1.0+53515aab9e
	   |-- fabric-block-getter-api-v2 2.0.7+ec56b6019e
	   |-- fabric-command-api-v2 3.1.0+00cb03469e
	   |-- fabric-content-registries-v0 11.3.2+37b1aa249e
	   |-- fabric-convention-tags-v2 4.7.1+1f023a9e9e
	   |-- fabric-crash-report-info-v1 1.0.5+086d547a9e
	   |-- fabric-creative-tab-api-v1 5.0.15+6468574f9e
	   |-- fabric-data-attachment-api-v1 2.2.19+515ac5339e
	   |-- fabric-data-generation-api-v1 25.6.0+c0da0b829e
	   |-- fabric-debug-api-v1 1.0.2+c792624d9e
	   |-- fabric-dimensions-v1 5.1.12+515ac5339e
	   |-- fabric-entity-events-v1 5.0.5+06488ac19e
	   |-- fabric-events-interaction-v0 5.2.8+515ac5339e
	   |-- fabric-game-rule-api-v1 4.0.8+46a6d00c9e
	   |-- fabric-item-api-v1 14.5.0+c68f6cbe9e
	   |-- fabric-key-mapping-api-v1 2.0.5+e2bdee789e
	   |-- fabric-lifecycle-events-v1 4.1.4+29b6eb019e
	   |-- fabric-loot-api-v3 3.0.17+06488ac19e
	   |-- fabric-menu-api-v1 2.0.17+086d547a9e
	   |-- fabric-message-api-v1 7.0.8+bb2ed3f79e
	   |-- fabric-model-loading-api-v1 8.0.17+c80601bb9e
	   |-- fabric-networking-api-v1 6.3.4+2989c6a09e
	   |-- fabric-object-builder-api-v1 24.1.1+6fcd5f039e
	   |-- fabric-particles-v1 5.0.19+d1756aa99e
	   |-- fabric-permission-api-v1 1.0.5+e442d8d09e
	   |-- fabric-recipe-api-v1 9.0.22+11e1c9a39e
	   |-- fabric-registry-sync-v0 7.1.1+c7bd5b8e9e
	   |-- fabric-renderer-api-v1 14.1.4+2b0d8a229e
	   |-- fabric-renderer-indigo 9.1.4+2b0d8a229e
	   |-- fabric-rendering-fluids-v1 6.0.4+06488ac19e
	   |-- fabric-rendering-v1 25.3.3+515ac5339e
	   |-- fabric-resource-conditions-api-v1 6.1.0+10e9a28b9e
	   |-- fabric-resource-loader-v0 3.3.20+4fc5413f9e
	   |-- fabric-resource-loader-v1 2.0.13+9edec1269e
	   |-- fabric-screen-api-v1 5.2.1+5087f8249e
	   |-- fabric-serialization-api-v1 2.0.4+11a26f319e
	   |-- fabric-sound-api-v1 2.0.5+11a26f319e
	   |-- fabric-tag-api-v1 2.1.4+515ac5339e
	   |-- fabric-transfer-api-v1 8.0.13+11dbb7d79e
	   \-- fabric-transitive-access-wideners-v1 8.1.4+67c847259e
	- fabric-language-kotlin 1.14.1+kotlin.2.4.20
	   |-- org_jetbrains_kotlin_kotlin-reflect 2.4.20
	   |-- org_jetbrains_kotlin_kotlin-stdlib 2.4.20
	   |-- org_jetbrains_kotlin_kotlin-stdlib-jdk7 2.4.20
	   |-- org_jetbrains_kotlin_kotlin-stdlib-jdk8 2.4.20
	   |-- org_jetbrains_kotlinx_atomicfu-jvm 0.33.0
	   |-- org_jetbrains_kotlinx_kotlinx-coroutines-core-jvm 1.11.0
	   |-- org_jetbrains_kotlinx_kotlinx-coroutines-jdk8 1.11.0
	   |-- org_jetbrains_kotlinx_kotlinx-datetime-jvm 0.8.0
	   |-- org_jetbrains_kotlinx_kotlinx-io-bytestring-jvm 0.9.1
	   |-- org_jetbrains_kotlinx_kotlinx-io-core-jvm 0.9.1
	   |-- org_jetbrains_kotlinx_kotlinx-serialization-cbor-jvm 1.11.0
	   |-- org_jetbrains_kotlinx_kotlinx-serialization-core-jvm 1.11.0
	   \-- org_jetbrains_kotlinx_kotlinx-serialization-json-jvm 1.11.0
	- fabricloader 0.19.5
	   \-- mixinextras 0.5.5
	- forcecloseworldloadingscreen 2.3.6
	- forgeconfigapiport 26.2.1
	   |-- com_electronwill_night-config_core 3.8.4
	   \-- com_electronwill_night-config_toml 3.8.4
	- fzzy_config 0.7.7+26.2
	   |-- blue_endless_jankson 1.2.3
	   |-- fabric-permissions-api-v0 0.7.0
	   \-- net_peanuuutz_tomlkt_tomlkt-jvm 0.3.7
	- gca_wrapper 1.0.6
	   |-- gca 2.12.8-mc26.2+build.97
	   \-- jep_jep 2.24
	- glowtools 1.0.0-beta.7
	- ias 9.0.8+26.2-fabric
	- imblocker 7.3.2
	- immediatelyfast 1.16.5+26.2
	- insecticide 0.15.2+26.2
	- inventoryprofilesnext 2.3.8
	- iris 1.11.4+mc26.2
	   |-- io_github_douira_glsl-transformer 3.0.0-pre3
	   |-- org_anarres_jcpp 1.4.14
	   \-- org_antlr_antlr4-runtime 4.13.1
	- itemscroller 0.32.2
	   \-- conditional-mixin 0.6.4
	- ixeris 4.6.8+26.2-fabric
	- jade 26.2.11+fabric
	- java 25
	- lambdynlights 4.12.4+26.2
	   |-- lambdynlights_api 4.12.4+26.2
	   |    |-- yumi_commons_collections 2.0.0
	   |    |-- yumi_commons_core 2.0.0
	   |    \-- yumi_commons_event 2.0.0
	   |-- pride 1.7.0+26.2
	   |-- spruceui 11.0.0+26.2
	   \-- yumi_mc_core 1.1.1+26.2
	        |-- yumi_commons_collections 2.0.0
	        |-- yumi_commons_core 2.0.0
	        \-- yumi_commons_event 2.0.0
	- languagereload 1.7.7+26.2
	- libipn 6.9.0
	- litematica 0.28.8
	   \-- conditional-mixin 0.6.4
	- litematica-printer-wrapper beta25
	   |-- com_belerweb_pinyin4j 2.5.1
	   \-- litematica-printer beta25
	- lithium 0.25.3+mc26.2
	- magiclib 0.8.882+e341501-stable
	   |-- magiclib-26_2 0.8.58+e341501-stable
	   |-- magiclib_core 0.8.163+2dadf9c-stable
	   |-- magiclib_malilib_extra 0.8.102+e341501-stable
	   \-- magiclib_minecraft_api 0.6.114+e341501-stable
	- malilib 0.29.6
	   |-- conditional-mixin 0.6.4
	   \-- fabric-api-base 2.0.4+ece063239e
	- masa_gadget_mod 4.0.403+36d7522-development
	   \-- com_github_towdium_pinin 1.6.0
	- mcwifipnp 2.1.3
	- minecraft 26.2
	- minihud 0.40.7
	   \-- conditional-mixin 0.6.4
	- mixintrace 1.1.1+1.17
	- modernfix 5.27.19-build.2
	- modernui 3.13.0.7-SNAPSHOT
	   |-- dev_icyllis_arc3d-compiler 2026.2.0
	   \-- org_commonmark_commonmark 0.25.0
	- modmenu 20.0.3
	   \-- fabric-api-base 2.0.4+ece063239e
	- moreculling 1.8.1
	- myresourcepack 1.2.10+26.2
	- nochatreports 26.2-v2.20.2
	- nopackcompatcheck 0.1.1
	- offhandeat 1.0.0
	- ok_zoomer 18.0.0-beta.2
	   |-- wrench_wrapper 0.9.1
	   \-- wrench_wrapper_backend 0.9.1
	- owo 0.13.1+26.2
	   |-- com_github_kdl-org_kdl4j 1.0.1
	   |-- io_wispforest_endec 0.1.12
	   |-- io_wispforest_endec_gson 0.1.7
	   |-- io_wispforest_endec_jankson 0.1.7
	   \-- io_wispforest_endec_netty 0.1.6
	- packetfixer 3.3.6
	- peek 1.5.1+26.2
	- placeholder-api 3.1.0-beta.1+26.2
	- punchy 2.8d
	- puzzle 2.3.1
	   \-- midnightlib 1.9.3
	- reeses-sodium-options 2.2.4+mc26.2
	- resourcefulconfig 5.0.0
	- resourcify 1.8.7
	- roughlyenoughitems 26.2.820
	- scalablelux 0.2.1+fabric.2b08348
	- schematicpreview 0.0.17+26.2
	- searchables 1.0.1
	- serverpingerfixer 1.1.1
	- showmeyourskin 2.0.3+26.2
	   |-- cardinal-components-base 8.0.0
	   \-- cardinal-components-entity 8.0.0
	- skinlayers3d 1.11.3
	   |-- transition 1.0.25
	   \-- trender 1.0.17
	- skyboxify 3.4
	   \-- com_moulberry_mixinconstraints 1.1.0
	- smoothscroll 2.9.2
	- sodium 0.9.2+mc26.2
	- sodium-extra 0.9.4+mc26.2
	   \-- me_flashyreese_mods_greenlight-api 0.1.0+mc26.2
	- stfu 2.9.1
	- structure_layout_optimizer 1.1.4+26.1-fabric
	- syncmatica 0.3.20
	   |-- fabric-api-base 2.0.4+ece063239e
	   \-- fabric-permissions-api-v0 0.7.0
	- tcdcommons 5.5.6+fabric-26.2
	- titlechanger 1.4.7
	- tweakermore 3.33.2
	   \-- conditional-mixin 0.6.4
	- tweakeroo 0.29.5
	   \-- conditional-mixin 0.6.4
	- viafabricplus 5.0.2
	   |-- com_seedfinding_mc_biome 1.171.1
	   |-- com_seedfinding_mc_core 1.210.0
	   |-- com_seedfinding_mc_math 1.171.0
	   |-- com_seedfinding_mc_noise 1.171.1
	   |-- com_seedfinding_mc_seed 1.171.2
	   |-- com_viaversion_viaaprilfools-common 4.2.3
	   |-- com_viaversion_viabackwards-common 5.12.0
	   |-- com_viaversion_viaversion-common 5.12.0
	   |-- de_florianreuth_classic4j 2.3.1
	   |-- fabric-api-base 2.0.4+ece063239e
	   |-- fabric-resource-loader-v0 3.3.20+4fc5413f9e
	   |-- net_lenni0451_commons_unchecked 1.9.2
	   |-- net_lenni0451_reflect 1.6.4
	   |-- net_raphimc_vialegacy 3.1.0
	   \-- viafabricplus-api 5.0.2
	- villagertradingoverhanful 0.1.0
	- visual-keymap 1.4.0
	- waveycapes 1.11.2
	   |-- transition 1.0.25
	   \-- trender 1.0.17
	- windows-priority-boost 1.0.0
	   |-- net_java_dev_jna_jna 5.19.1
	   \-- net_java_dev_jna_jna-platform 5.19.1
	- xaerominimap 26.5.1
	   \-- xaerolib 1.7.7
	- xaeroplus 2.36.3
	- xaeroworldmap 1.46.1
	   \-- xaerolib 1.7.7
	- yet_another_config_lib_v3 3.9.7+26.2-fabric
	   |-- com_twelvemonkeys_common_common-image 3.12.0
	   |-- com_twelvemonkeys_common_common-io 3.12.0
	   |-- com_twelvemonkeys_common_common-lang 3.12.0
	   |-- com_twelvemonkeys_imageio_imageio-core 3.12.0
	   |-- com_twelvemonkeys_imageio_imageio-metadata 3.12.0
	   |-- com_twelvemonkeys_imageio_imageio-webp 3.12.0
	   |-- org_quiltmc_parsers_gson 0.2.1
	   \-- org_quiltmc_parsers_json 0.2.1
	- zconfig 1.0.0+26.x
	- zfastnoise 1.1.0-beta.6+26.2
	   \-- zfastnoise-ocl 1.0.0-beta.1+26.2
[14:14:49] [main/WARN]: Found 1 non-fabric mod:
	- pingview-forge-1.7.jar
[14:14:52] [main/INFO]: SpongePowered MIXIN Subsystem Version=0.8.7 Source=file:/C:/Users/Administrator/AppData/Roaming/.minecraft/libraries/net/fabricmc/sponge-mixin/0.17.4+mixin.0.8.7/sponge-mixin-0.17.4+mixin.0.8.7.jar Service=Knot/Fabric Env=CLIENT
[14:14:55] [main/INFO]: Loading Mixin Plugin for Axiom/6.1.3
[14:14:55] [main/INFO]: Initializing com.ishland.c2me.base.mixin
[14:14:57] [main/INFO]: CPU name: AMD Athlon(tm) X4 730 Quad Core Processor      
[14:14:57] [main/INFO]: Detected 2 available physical CPUs, 4 available logical CPUs
[14:14:57] [main/INFO]: Detected 2 available physical CPUs, 4 available logical CPUs
[14:14:57] [main/INFO]: Global Executor Parallelism: 1 configured, 1 evaluated, 1 default evaluated
[14:14:57] [main/INFO]: Initializing com.ishland.c2me.client.uncapvd.mixin
[14:14:57] [main/INFO]: Initializing com.ishland.c2me.fixes.chunkio.threading_issues.mixin
[14:14:57] [main/INFO]: Initializing com.ishland.c2me.fixes.general.threading_issues.mixin
[14:14:57] [main/INFO]: Initializing com.ishland.c2me.fixes.worldgen.threading_issues.mixin
[14:14:57] [main/INFO]: Initializing com.ishland.c2me.fixes.worldgen.vanilla_bugs.mixin
[14:14:57] [main/INFO]: Initializing com.ishland.c2me.notickvd.mixin
[14:14:57] [main/INFO]: Initializing com.ishland.c2me.opts.allocs.mixin
[14:14:57] [main/INFO]: Initializing com.ishland.c2me.opts.chunkio.mixin
[14:14:57] [main/INFO]: Initializing com.ishland.c2me.opts.dfc.mixin
[14:14:57] [main/INFO]: Initializing com.ishland.c2me.opts.math.mixin
[14:14:57] [main/INFO]: Initializing com.ishland.c2me.opts.natives_math.mixin
[14:14:57] [main/INFO]: Attempting to call native library. If your game crashes right after this point, native acceleration may not be available for your system.
[14:14:57] [main/INFO]: Detected maximum supported ISA target: AVX
[14:14:57] [main/INFO]: Initializing com.ishland.c2me.opts.scheduling.mixin
[14:14:57] [main/INFO]: Initializing com.ishland.c2me.opts.worldgen.general.mixin
[14:14:57] [main/INFO]: Initializing com.ishland.c2me.opts.worldgen.vanilla.mixin
[14:14:57] [main/INFO]: Initializing com.ishland.c2me.rewrites.chunk_serializer.mixin
[14:14:57] [main/INFO]: Disabling config ioSystem.gcFreeChunkSerializer: Incompatible with architectury@21.1.11 (*) (defined in c2me)
[14:14:57] [main/INFO]: Disabling com.ishland.c2me.rewrites.chunk_serializer.mixin
[14:14:57] [main/INFO]: Initializing com.ishland.c2me.rewrites.chunksystem.mixin
[14:14:57] [main/INFO]: Initializing com.ishland.c2me.rewrites.chunkio.mixin
[14:14:57] [main/INFO]: Initializing com.ishland.c2me.server.utils.mixin
[14:14:57] [main/INFO]: Initializing com.ishland.c2me.threading.lighting.mixin
[14:14:57] [main/WARN]: Reference map 'configured.refmap.json' for configured.fabric.mixins.json could not be read. If this is a development environment you can ignore this message
[14:14:57] [main/WARN]: Reference map 'controlling.refmap.json' for controlling.mixins.json could not be read. If this is a development environment you can ignore this message
[14:14:57] [main/INFO]: Initializing CustomSkinLoader Bootstrap for Fabric
[14:14:57] [main/INFO]: Releasing CustomSkinLoader Common jar to C:\Users\Administrator\AppData\Roaming\.minecraft\versions\XPlus PerioTable Modpack (26.2)\CustomSkinLoader\Core\CustomSkinLoader-Common.jar
[14:14:58] [main/INFO]: Added CustomSkinLoader Common jar to Fabric class path: C:\Users\Administrator\AppData\Roaming\.minecraft\versions\XPlus PerioTable Modpack (26.2)\CustomSkinLoader\Core\CustomSkinLoader-Common.jar
[14:14:58] [main/INFO]: Loaded 4 CustomSkinLoader bootstrap transformer(s) for intermediary mappings
[14:14:58] [main/INFO]: Loading CustomSkinLoader bootstrap mappings for intermediary
[14:14:58] [main/INFO]: Loaded 0 CustomSkinLoader bootstrap class mapping(s) for intermediary
[14:14:58] [main/INFO]: Collected 11 CustomSkinLoader bootstrap target class(es) for intermediary mappings
[14:14:58] [main/INFO]: Initialized CustomSkinLoader Bootstrap for Fabric with 11 reflected Mixin target(s)
[14:14:58] [main/WARN]: Reference map 'entityculling.refmap.mixins.json' for entityculling.mixins.json could not be read. If this is a development environment you can ignore this message
[14:14:58] [main/WARN]: Reference map 'iris.refmap.json' for mixins.iris.json could not be read. If this is a development environment you can ignore this message
[14:14:58] [main/WARN]: Reference map 'iris-fabric.refmap.json' for mixins.iris.fabric.json could not be read. If this is a development environment you can ignore this message
[14:14:58] [main/WARN]: Reference map 'iris.refmap.json' for mixins.iris.vertexformat.json could not be read. If this is a development environment you can ignore this message
[14:14:58] [main/WARN]: Reference map 'iris.refmap.json' for mixins.iris.bettermipmaps.json could not be read. If this is a development environment you can ignore this message
[14:14:58] [main/WARN]: Reference map 'iris.refmap.json' for mixins.iris.compat.sodium.json could not be read. If this is a development environment you can ignore this message
[14:14:58] [main/WARN]: Reference map 'iris.refmap.json' for mixins.iris.fixes.maxfpscrash.json could not be read. If this is a development environment you can ignore this message
[14:14:58] [main/WARN]: Reference map 'ixeris.mixins.refmap.json' for ixeris.mixins.json could not be read. If this is a development environment you can ignore this message
[14:14:58] [main/INFO]: Loaded configuration file for Lithium: 171 options available, 1 override(s) found.
[14:14:59] [main/INFO]: Loaded configuration file for ModernFix 5.27.19-build.2: 68 options available, 5 override(s) found
[14:14:59] [main/WARN]: Option 'mixin.perf.release_protochunks' overriden (by mods [c2me]) to 'false'
[14:14:59] [main/WARN]: Option 'mixin.bugfix.paper_chunk_patches' overriden (by mods [c2me]) to 'false'
[14:14:59] [main/WARN]: Option 'mixin.perf.cache_strongholds' overriden (by mods [c2me]) to 'false'
[14:14:59] [main/WARN]: Option 'mixin.bugfix.chunk_deadlock' overriden (by mods [c2me]) to 'false'
[14:14:59] [main/WARN]: Option 'mixin.perf.dynamic_dfu' overriden (by mods [litematica]) to 'false'
[14:14:59] [main/INFO]: Applying Nashorn fix
[14:14:59] [main/INFO]: Configuring Minecraft's max.bg.threads option with 1 threads
[14:14:59] [main/WARN]: Reference map 'modernfix.refmap.json' for modernfix-fabric.mixins.json could not be read. If this is a development environment you can ignore this message
[14:14:59] [main/WARN]: Reference map 'modernfix.refmap.json' for modernfix-common.mixins.json could not be read. If this is a development environment you can ignore this message
[14:14:59] [main/INFO]: Iris API installed...
[14:14:59] [main/WARN]: Reference map 'reeses-sodium-options.refmap.json' for reeses-sodium-options.mixins.json could not be read. If this is a development environment you can ignore this message
[14:14:59] [main/WARN]: Reference map 'searchables.refmap.json' for searchables.mixins.json could not be read. If this is a development environment you can ignore this message
[14:14:59] [main/WARN]: Reference map 'searchables.refmap.json' for searchables.fabric.mixins.json could not be read. If this is a development environment you can ignore this message
[14:14:59] [main/WARN]: Reference map 'skinlayers3d.refmap.mixins.json' for skinlayers3d.mixins.json could not be read. If this is a development environment you can ignore this message
[14:14:59] [main/INFO]: Loaded configuration file for Sodium: 37 options available, 1 override(s) found
[14:14:59] [main/INFO]: Loaded configuration file for Sodium Extra: 26 options available, 0 override(s) found
[14:14:59] [main/WARN]: Reference map 'xaerolib.refmap.json' for xaerolib.mixins.json could not be read. If this is a development environment you can ignore this message
[14:14:59] [main/WARN]: Reference map 'xaeroworldmap.refmap.json' for xaeroworldmap.mixins.json could not be read. If this is a development environment you can ignore this message
[14:14:59] [main/WARN]: Reference map 'yet_another_config_lib_v3.refmap.json' for yacl.mixins.json could not be read. If this is a development environment you can ignore this message
[14:14:59] [main/WARN]: Reference map 'yet_another_config_lib_v3.refmap.json' for yacl-fabric.mixins.json could not be read. If this is a development environment you can ignore this message
[14:15:00] [main/WARN]: Error loading class: mezz/jei/fabric/platform/RenderHelper (java.lang.ClassNotFoundException: mezz/jei/fabric/platform/RenderHelper)
[14:15:00] [main/WARN]: @Mixin target mezz.jei.fabric.platform.RenderHelper was not found appleskin.jei.mixins.json:JEIRenderHelperMixin from mod appleskin
[14:15:01] [main/WARN]: Error loading class: me/jellysquid/mods/sodium/client/render/chunk/DefaultChunkRenderer (java.lang.ClassNotFoundException: me/jellysquid/mods/sodium/client/render/chunk/DefaultChunkRenderer)
[14:15:01] [main/WARN]: Error loading class: net/vulkanmod/config/option/Options (java.lang.ClassNotFoundException: net/vulkanmod/config/option/Options)
[14:15:01] [main/WARN]: Error loading class: net/minecraft/world/entity/animal/Bucketable (java.lang.ClassNotFoundException: net/minecraft/world/entity/animal/Bucketable)
[14:15:01] [main/WARN]: @Mixin target net.minecraft.world.entity.animal.Bucketable was not found mixins.cardinal_components_entity.json:common.BucketableMixin from mod cardinal-components-entity
[14:15:02] [main/WARN]: Error loading class: fi/dy/masa/minihud/data/EntitiesDataManager (java.lang.ClassNotFoundException: fi/dy/masa/minihud/data/EntitiesDataManager)
[14:15:04] [main/WARN]: Error loading class: dev/isxander/controlify/virtualmouse/VirtualMouseHandler (java.lang.ClassNotFoundException: dev/isxander/controlify/virtualmouse/VirtualMouseHandler)
[14:15:04] [main/WARN]: @Mixin target dev.isxander.controlify.virtualmouse.VirtualMouseHandler was not found mixins.ipnext.json:MixinVirtualMouseHandler from mod inventoryprofilesnext
[14:15:05] [main/INFO]: Force-disabling mixin 'chunk.palette.StrategyMixin' as rule 'mixin.chunk.palette' (added by mods [xaeroplus]) disables it and children
[14:15:05] [main/INFO]: Force-disabling mixin 'chunk.palette.StrategyMixin$Strategy1Mixin' as rule 'mixin.chunk.palette' (added by mods [xaeroplus]) disables it and children
[14:15:05] [main/INFO]: Force-disabling mixin 'chunk.palette.StrategyMixin$Strategy2Mixin' as rule 'mixin.chunk.palette' (added by mods [xaeroplus]) disables it and children
[14:15:07] [main/ERROR]: Failed to fetch class node net.fabricmc.fabric.impl.client.rendering.SpecialGuiElementRegistryImpl: 
[14:15:07] [main/WARN]: Error loading class: net/fabricmc/fabric/impl/client/rendering/SpecialGuiElementRegistryImpl (java.lang.ClassNotFoundException: net/fabricmc/fabric/impl/client/rendering/SpecialGuiElementRegistryImpl)
[14:15:08] [main/WARN]: Error loading class: net/minecraft/class_128 (java.lang.ClassNotFoundException: net/minecraft/class_128)
[14:15:08] [main/WARN]: @Mixin target net.minecraft.class_128 was not found mixintrace.mixins.json:MixinCrashReport from mod mixintrace
[14:15:08] [main/WARN]: Error loading class: net/minecraft/class_129 (java.lang.ClassNotFoundException: net/minecraft/class_129)
[14:15:08] [main/WARN]: @Mixin target net.minecraft.class_129 was not found mixintrace.mixins.json:MixinCrashReportSection from mod mixintrace
[14:15:08] [main/WARN]: Error loading class: xyz/nucleoid/server/translations/impl/language/LanguageReader (java.lang.ClassNotFoundException: xyz/nucleoid/server/translations/impl/language/LanguageReader)
[14:15:08] [main/WARN]: Error loading class: xyz/nucleoid/server/translations/impl/language/SystemDelegatedLanguage (java.lang.ClassNotFoundException: xyz/nucleoid/server/translations/impl/language/SystemDelegatedLanguage)
[14:15:08] [main/WARN]: Error loading class: fuzs/swordblockingmechanics/common/handler/SwordBlockingHandler (java.lang.ClassNotFoundException: fuzs/swordblockingmechanics/common/handler/SwordBlockingHandler)
[14:15:08] [main/WARN]: Error loading class: fuzs/swordblockingmechanics/common/client/handler/FirstPersonRenderingHandler (java.lang.ClassNotFoundException: fuzs/swordblockingmechanics/common/client/handler/FirstPersonRenderingHandler)
[14:15:08] [main/WARN]: Error loading class: net/bettercombat/logic/WeaponRegistry (java.lang.ClassNotFoundException: net/bettercombat/logic/WeaponRegistry)
[14:15:08] [main/WARN]: Error loading class: com/wildfire/render/GenderArmorLayer (java.lang.ClassNotFoundException: com/wildfire/render/GenderArmorLayer)
[14:15:09] [main/WARN]: Force-disabling mixin 'features.render.world.sky.LevelRendererMixin' as rule 'mixin.features.render.world.sky' (added by mods [iris]) disables it and children
[14:15:09] [main/WARN]: Error loading class: net/coderbot/iris/uniforms/WorldTimeUniforms (java.lang.ClassNotFoundException: net/coderbot/iris/uniforms/WorldTimeUniforms)
[14:15:09] [main/WARN]: Disabled mixin 'fi.dy.masa.tweakeroo.mixin.block.carpet_breaks.MixinStructureBlockEntity' due to: 'conflicted/unsupported mod carpet@26.2+v260616 found'
[14:15:09] [main/WARN]: Disabled mixin 'fi.dy.masa.tweakeroo.mixin.network.carpet_breaks.MixinServerboundSetStructureBlockPacket' due to: 'conflicted/unsupported mod carpet@26.2+v260616 found'
[14:15:09] [main/WARN]: Disabled mixin 'fi.dy.masa.tweakeroo.mixin.fog.sodium_breaks.MixinGameRenderer_disableFog_sodiumBreaks' due to: 'conflicted/unsupported mod sodium@0.9.2+mc26.2 found'
[14:15:09] [main/WARN]: Disabled mixin 'fi.dy.masa.tweakeroo.mixin.freecam.sodium_breaks.MixinLevelRenderer_freeCam_sodiumBreaks' due to: 'conflicted/unsupported mod sodium@0.9.2+mc26.2 found'
[14:15:09] [main/WARN]: Disabled mixin 'fi.dy.masa.tweakeroo.mixin.render.MixinGameRenderer_ViewBob' due to: 'conflicted/unsupported mod iris@1.11.4+mc26.2 found'
[14:15:09] [main/WARN]: Error loading class: org/anti_ad/mc/ipnext/event/AutoRefillHandler$ItemSlotMonitor (java.lang.ClassNotFoundException: org/anti_ad/mc/ipnext/event/AutoRefillHandler$ItemSlotMonitor)
[14:15:10] [main/INFO]: Applied 11 reflected Fabric Mixin target(s)
[14:15:10] [main/INFO]: Wrapping mixin service for asyncparticles.target-modifier.mixins.json so that we can modify target classes.
[14:15:10] [main/INFO]: Redirecting IClassBytecodeProvider#getClassNode for fun.qu_an.minecraft.asyncparticles.client.coremod.mixin_extension.class_adjuster.mixin.AsyncParticlesGenerated$fun$_qu_an$_minecraft$_asyncparticles$_client$_mixin$_conditional$_MixinParticles_LockRequired_Tick
[14:15:10] [main/INFO]: Redirecting IClassBytecodeProvider#getClassNode for fun.qu_an.minecraft.asyncparticles.client.coremod.mixin_extension.class_adjuster.mixin.AsyncParticlesGenerated$fun$_qu_an$_minecraft$_asyncparticles$_client$_mixin$_conditional$_Mixin_ReplaceRandom
[14:15:10] [main/INFO]: Redirecting IClassBytecodeProvider#getClassNode for fun.qu_an.minecraft.asyncparticles.client.coremod.mixin_extension.class_adjuster.mixin.AsyncParticlesGenerated$fun$_qu_an$_minecraft$_asyncparticles$_client$_mixin$_conditional$_MixinParticles_LockRequired_Extract
[14:15:10] [main/INFO]: Redirecting IClassBytecodeProvider#getClassNode for fun.qu_an.minecraft.asyncparticles.client.coremod.mixin_extension.class_adjuster.mixin.AsyncParticlesGenerated$fun$_qu_an$_minecraft$_asyncparticles$_client$_mixin$_conditional$_MixinParticles_LockProvider
[14:15:10] [main/INFO]: Redirecting IClassBytecodeProvider#getClassNode for fun.qu_an.minecraft.asyncparticles.client.coremod.mixin_extension.class_adjuster.mixin.AsyncParticlesGenerated$fun$_qu_an$_minecraft$_asyncparticles$_client$_mixin$_conditional$_MixinParticles_LightCacheNoRefresh
[14:15:10] [main/INFO]: Redirecting IClassBytecodeProvider#getClassNode for fun.qu_an.minecraft.asyncparticles.client.coremod.mixin_extension.class_adjuster.mixin.AsyncParticlesGenerated$fun$_qu_an$_minecraft$_asyncparticles$_client$_mixin$_conditional$_MixinAsyncTick_AsyncTickableParticleGroup
[14:15:12] [main/INFO]: Searching for graphics cards...
[14:15:12] [main/INFO]: Found graphics adapter: AdapterInfo{vendor=NVIDIA, description='NVIDIA GeForce GT 720', adapterType=0x0000030B, openglIcdFilePath='C:\windows\System32\DriverStore\FileRepository\nvlei.inf_amd64_0e030a68121ab9cb\nvoglv64.dll', openglIcdVersion=30.0.14.7514}
[14:15:12] [main/WARN]: Sodium has applied one or more workarounds to prevent crashes or other issues on your system: [NVIDIA_THREADED_OPTIMIZATIONS_BROKEN]
[14:15:12] [main/WARN]: This is not necessarily an issue, but it may result in certain features or optimizations being disabled. You can sometimes fix these issues by upgrading your graphics driver.
[14:15:12] [main/INFO]: Initializing MixinExtras via com.llamalad7.mixinextras.service.MixinExtrasServiceImpl(version=0.5.5).
[14:15:13] [main/INFO]: EuphoriaPatcher: Analyzing your log files...
[14:15:14] [main/INFO]: EuphoriaPatcher: EuphoriaPatches_1.10.5 is already installed.
[14:15:15] [main/INFO]: Transformed net/minecraft/resources/Identifier with [customskinloader:interface-patch]
[14:15:15] [main/INFO]: Transformed Fabric target net.minecraft.resources.Identifier with [customskinloader:interface-patch]
[14:15:19] [Via-Mappingloader-1/INFO]: Loading block connection mappings ...
[14:15:21] [main/INFO]: ModernFix reached bootstrap stage (39.36 s after launch)
[14:15:25] [Worker-Main-1/INFO]: Loading translations...
[14:15:25] [Worker-Main-1/INFO]: Registering protocols...
[14:15:29] [main/WARN]: Method overwrite conflict for getTemperature in modernfix-common.mixins.json:perf.remove_biome_temperature_cache.BiomeMixin from mod modernfix, previously written by net.caffeinemc.mods.lithium.mixin.world.temperature_cache.BiomeMixin. Skipping method.
[14:15:29] [main/WARN]: Method overwrite conflict for getClimateSettings in architectury.mixins.json:BiomeAccessor from mod architectury, previously written by carpet.mixins.Biome_scarpetMixin. Skipping method.
[14:15:31] [Worker-Main-1/INFO]: ViaVersion detected lowest supported version by the proxy: c0.0.15a-1 (0)
[14:15:31] [Worker-Main-1/INFO]: Highest supported version by the proxy: 26.3 (777)
[14:15:31] [Worker-Main-1/INFO]: Environment: Environment[sessionHost=https://sessionserver.mojang.com, servicesHost=https://api.minecraftservices.com, profilesHost=https://api.mojang.com, name=PROD]
[14:15:33] [Via Async Scheduler 0/INFO]: Finished mapping loading, shutting down loader executor.
[14:15:34] [main/INFO]: Transformed net/minecraft/server/packs/resources/ResourceManager with [customskinloader:interface-patch]
[14:15:34] [main/INFO]: Transformed Fabric target net.minecraft.server.packs.resources.ResourceManager with [customskinloader:interface-patch]
[14:15:37] [Datafixer Bootstrap #0/INFO]: 295 Datafixer optimizations took 16130 milliseconds
[14:15:44] [main/INFO]: Vanilla bootstrap took 22589 milliseconds
[14:15:45] [Render thread/INFO]: Environment: Environment[sessionHost=https://sessionserver.mojang.com, servicesHost=https://api.minecraftservices.com, profilesHost=https://api.mojang.com, name=PROD]
[14:15:45] [Render thread/INFO]: Setting user: fsdfscx
[14:15:45] [Render thread/INFO]: Initializing Axiom/6.1.3
[14:15:47] [Render thread/WARN]: Cancelled mixin fun.qu_an.minecraft.asyncparticles.client.mixin.conditional.Mixin_ReplaceRandom. Check debug logs for more information.
[14:15:53] [Render thread/WARN]: Signature is missing
[14:15:53] [Render thread/INFO]: Modern UI common config loaded/reloaded
[14:15:53] [Render thread/INFO]: Initialized Modern UI
[14:15:53] [Render thread/INFO]: This custom packet isn't supported by Gadget - Add support via DrawPacketHandler.EVENT
[14:15:53] [Render thread/INFO]: Packet Fixer 3.3.6 Fabric has been initialized!
[14:15:54] [Render thread/INFO]: [REI] Config loaded
[14:15:54] [Render thread/INFO]: Registering S2C receiver with id roughlyenoughitems:request_tags_s2c
[14:15:54] [Render thread/INFO]: Registering C2S receiver with id roughlyenoughitems:request_tags_c2s
[14:15:54] [Render thread/INFO]: [REI] Registered plugin provider DefaultPlugin [roughlyenoughitems] for REICommonPlugin
[14:15:54] [Render thread/INFO]: [REI] Registered plugin provider DefaultRuntimePlugin [roughlyenoughitems] for REICommonPlugin
[14:15:54] [Render thread/INFO]: [REI] Registered plugin provider FabricFluidAPISupportPlugin for REICommonPlugin
[14:15:54] [Render thread/INFO]: Registering C2S receiver with id roughlyenoughitems:delete_item
[14:15:54] [Render thread/INFO]: Registering C2S receiver with id roughlyenoughitems:create_item
[14:15:54] [Render thread/INFO]: Registering C2S receiver with id roughlyenoughitems:create_item_grab
[14:15:55] [Render thread/INFO]: Registering C2S receiver with id roughlyenoughitems:create_item_hotbar
[14:15:55] [Render thread/INFO]: Registering C2S receiver with id roughlyenoughitems:move_items_new
[14:15:55] [Render thread/INFO]: Deserializing Config from 'C:\Users\Administrator\AppData\Roaming\.minecraft\versions\XPlus PerioTable Modpack (26.2)\config\stfu.json5'
[14:15:55] [Render thread/INFO]: [STDOUT]: [TitleChanger] Mod Initialized!
[14:15:55] [Render thread/INFO]: [Advancements Reloaded] Loading...
[14:15:55] [Render thread/INFO]: [Advancements Reloaded] All done!
[14:15:55] [Render thread/INFO]: Registering S2C receiver with id architectury:spawn_entity_packet
[14:15:55] [Render thread/INFO]: [STDERR]: java.lang.IllegalArgumentException: Unknown options key: optimize.bed not found in storage: bbe.config.storage.main
[14:15:55] [Render thread/INFO]: [STDERR]: 	at knot//betterblockentities.client.gui.storage.ConfigStorageObject.getOption(ConfigStorageObject.java:41)
[14:15:55] [Render thread/INFO]: [STDERR]: 	at knot//betterblockentities.client.gui.config.BBEConfig.load(BBEConfig.java:104)
[14:15:55] [Render thread/INFO]: [STDERR]: 	at knot//betterblockentities.client.gui.config.BBEConfig.buildConfigStorages(BBEConfig.java:46)
[14:15:56] [Render thread/INFO]: [STDERR]: 	at knot//betterblockentities.client.gui.config.BBEConfig.<init>(BBEConfig.java:32)
[14:15:56] [Render thread/INFO]: [STDERR]: 	at knot//betterblockentities.platform.GlobalScope.<clinit>(GlobalScope.java:37)
[14:15:56] [Render thread/INFO]: [STDERR]: 	at knot//betterblockentities.client.BBEFabric.onInitializeClient(BBEFabric.java:13)
[14:15:56] [Render thread/INFO]: [STDERR]: 	at net.fabricmc.loader.impl.FabricLoaderImpl.invokeEntrypoints(FabricLoaderImpl.java:409)
[14:15:56] [Render thread/INFO]: [STDERR]: 	at net.fabricmc.loader.impl.game.minecraft.Hooks.startClient(Hooks.java:53)
[14:15:56] [Render thread/INFO]: [STDERR]: 	at knot//net.minecraft.client.Minecraft.<init>(Minecraft.java:456)
[14:15:56] [Render thread/INFO]: [STDERR]: 	at java.base/java.lang.Thread.run(Thread.java:1474)
[14:15:56] [Render thread/INFO]: Building config cache from user defined config file...
[14:15:56] [Render thread/INFO]: Collecting API Entrypoint's...
[14:15:56] [Render thread/INFO]: Registering alt renderers via each collected entrypoint...
[14:15:56] [Render thread/INFO]: Initializing 'betterstats' as 'BetterStatsFabricClient'.
[14:15:56] [Render thread/INFO]: Trying to read config file...
[14:15:56] [Render thread/INFO]: A config file was found, loading it..
[14:15:56] [Render thread/INFO]: Successfully loaded config file.
[14:15:57] [Render thread/INFO]: Successfully loaded config provider: squeek.appleskin.gui.ConfiguredConfigProvider
[14:15:57] [Render thread/INFO]: Successfully loaded config provider: com.mrcrayfish.configured.impl.framework.FrameworkConfigProvider
[14:15:57] [Render thread/ERROR]: Failed to load config provider from mod: configured
java.lang.ClassNotFoundException: com.mrcrayfish.configured.impl.jei.JeiConfigProvider
	at java.base/jdk.internal.loader.BuiltinClassLoader.loadClass(BuiltinClassLoader.java:580)
	at java.base/java.lang.ClassLoader.loadClass(ClassLoader.java:490)
	at net.fabricmc.loader.impl.launch.knot.KnotClassDelegate.loadClass(KnotClassDelegate.java:239)
	at net.fabricmc.loader.impl.launch.knot.KnotClassLoader.loadClass(KnotClassLoader.java:119)
	at java.base/java.lang.ClassLoader.loadClass(ClassLoader.java:490)
	at java.base/java.lang.Class.forName0(Native Method)
	at java.base/java.lang.Class.forName(Class.java:467)
	at java.base/java.lang.Class.forName(Class.java:458)
	at knot//com.mrcrayfish.configured.platform.FabricConfigHelper.createProviderInstance(FabricConfigHelper.java:91)
	at knot//com.mrcrayfish.configured.platform.FabricConfigHelper.readProvider(FabricConfigHelper.java:73)
	at knot//com.mrcrayfish.configured.platform.FabricConfigHelper.lambda$readProviders$1(FabricConfigHelper.java:57)
	at java.base/java.lang.Iterable.forEach(Iterable.java:75)
	at knot//com.mrcrayfish.configured.platform.FabricConfigHelper.lambda$readProviders$0(FabricConfigHelper.java:57)
	at java.base/java.util.ArrayList.forEach(ArrayList.java:1604)
	at java.base/java.util.Collections$UnmodifiableCollection.forEach(Collections.java:1118)
	at knot//com.mrcrayfish.configured.platform.FabricConfigHelper.readProviders(FabricConfigHelper.java:45)
	at knot//com.mrcrayfish.configured.platform.FabricConfigHelper.getProviders(FabricConfigHelper.java:33)
	at knot//com.mrcrayfish.configured.client.ClientHandler.init(ClientHandler.java:30)
	at knot//com.mrcrayfish.configured.client.ClientConfigured.onInitializeClient(ClientConfigured.java:24)
	at net.fabricmc.loader.impl.FabricLoaderImpl.invokeEntrypoints(FabricLoaderImpl.java:409)
	at net.fabricmc.loader.impl.game.minecraft.Hooks.startClient(Hooks.java:53)
	at knot//net.minecraft.client.Minecraft.<init>(Minecraft.java:456)
	at java.base/java.lang.Thread.run(Thread.java:1474)
[14:15:57] [Render thread/INFO]: [STDOUT]: Test1
[14:15:57] [Render thread/INFO]: [STDOUT]: Test1
[14:15:57] [Render thread/INFO]: [STDOUT]: Test1
[14:15:57] [Render thread/INFO]: [STDOUT]: Test1
[14:15:57] [Render thread/INFO]: [STDOUT]: Test1
[14:15:57] [Render thread/INFO]: [STDOUT]: Test1
[14:15:57] [Render thread/INFO]: [STDOUT]: Test1
[14:15:57] [Render thread/INFO]: [STDOUT]: Test1
[14:15:57] [Render thread/INFO]: [STDOUT]: Test1
[14:15:57] [Render thread/INFO]: [STDOUT]: Test1
[14:15:57] [Render thread/INFO]: [STDOUT]: Test1
[14:15:57] [Render thread/INFO]: [STDOUT]: Test1
[14:15:57] [Render thread/INFO]: [ETF]: Modifying ETF Render State constructor because: for EMF
[14:15:57] [Render thread/INFO]: Loading Entity Model Features, now compatible with Minecraft Legends!
[14:15:58] [Render thread/INFO]: [ETF]: 6 new ETF Random Properties registered by entity_model_features
[14:15:58] [Render thread/INFO]: Loading Entity Texture Features, your third cousin's, dog's, previous owner's, uncle's, old boss's, fourth favourite mod!
[14:15:58] [Render thread/INFO]: [Indigo] Different rendering plugin detected; not applying Indigo.
[14:15:59] [Render thread/INFO]: Loaded config fzzy_config:keybinds in 925ms
[14:15:59] [Render thread/INFO]: IAS: Loading... (platform: fabric)
[14:15:59] [Render thread/INFO]: IAS: Initializing IAS...
[14:15:59] [Render thread/INFO]: IAS: IAS has been loaded.
[14:15:59] [Render thread/INFO]: IAS: Loaded. (44 ms)
[14:15:59] [Render thread/WARN]: [IMBlocker] Class net.minecraft.class_7743 not found, ignored.
[14:15:59] [Render thread/WARN]: [IMBlocker] Class net.minecraft.class_473 not found, ignored.
[14:15:59] [Render thread/WARN]: [IMBlocker] Class net.mehvahdjukaar.supplementaries.client.screens.TextHolderEditScreen not found, ignored.
[14:15:59] [Render thread/WARN]: [IMBlocker] Class com.simibubi.create.content.equipment.clipboard.ClipboardScreen not found, ignored.
[14:15:59] [Render thread/INFO]: [IMBlocker] bakelist screenWhitelist result []
[14:15:59] [Render thread/WARN]: [IMBlocker] Class journeymap.client.ui.fullscreen.Fullscreen not found, ignored.
[14:15:59] [Render thread/INFO]: [IMBlocker] bakelist charSimulationScreens result []
[14:16:00] [Render thread/INFO]: i18nLang#load: File: '/assets/malilib/lang/en_us.json' has been loaded successfully
[14:16:00] [Render thread/WARN]: i18nOptionManager#buildLanguageOptions(malilib): Detected [13] available options.
[14:16:11] [Render thread/INFO]: Created MuiFabricApi
[14:16:11] [Render thread/INFO]: Modern UI client config loaded/reloaded
[14:16:11] [Render thread/INFO]: Modern UI text config loaded/reloaded
[14:16:11] [Render thread/INFO]: Created TextLayoutEngine
[14:16:11] [Render thread/INFO]: Initialized Modern UI text engine
[14:16:11] [Render thread/INFO]: Initialized Modern UI client
[14:16:11] [Render thread/INFO]: Using Cloth Config GUI
[14:16:11] [Render thread/INFO]: Checking mod updates...
[14:16:14] [Render thread/INFO]: Sodium: [0.9.2+mc26.2], Iris: [1.11.4+mc26.2]
[14:16:14] [Render thread/INFO]: Assigning MaLiLib Pipelines to Iris Programs:
[14:16:14] [Render thread/WARN]: Found okay program match for malilib:pipeline/position_color/translucent/no_depth/no_cull: BASIC_COLOR
[14:16:14] [Render thread/WARN]: Found okay program match for malilib:pipeline/position_color/translucent/no_depth: BASIC_COLOR
[14:16:14] [Render thread/WARN]: Found okay program match for malilib:pipeline/position_color/translucent/lequal_depth/offset_1: BASIC_COLOR
[14:16:14] [Render thread/WARN]: Found okay program match for malilib:pipeline/position_color/translucent/lequal_depth/offset_2: BASIC_COLOR
[14:16:14] [Render thread/WARN]: Found okay program match for malilib:pipeline/position_color/translucent/lequal_depth/offset_3: BASIC_COLOR
[14:16:14] [Render thread/WARN]: Found okay program match for malilib:pipeline/position_color/translucent/lequal_depth/no_cull: BASIC_COLOR
[14:16:14] [Render thread/WARN]: Found okay program match for malilib:pipeline/position_color/translucent/lequal_depth: BASIC_COLOR
[14:16:14] [Render thread/WARN]: Found okay program match for malilib:pipeline/position_color/translucent/depth_mask: BASIC_COLOR
[14:16:14] [Render thread/WARN]: Found okay program match for malilib:pipeline/position_color/translucent: BASIC_COLOR
[14:16:14] [Render thread/WARN]: Found okay program match for malilib:pipeline/position_color/masa/no_depth/no_cull: BASIC_COLOR
[14:16:14] [Render thread/WARN]: Found okay program match for malilib:pipeline/position_color/masa/no_depth: BASIC_COLOR
[14:16:14] [Render thread/WARN]: Found okay program match for malilib:pipeline/position_color/masa/lequal_depth/offset_1: BASIC_COLOR
[14:16:14] [Render thread/WARN]: Found okay program match for malilib:pipeline/position_color/masa/lequal_depth/offset_2: BASIC_COLOR
[14:16:14] [Render thread/WARN]: Found okay program match for malilib:pipeline/position_color/masa/lequal_depth/offset_3: BASIC_COLOR
[14:16:14] [Render thread/WARN]: Found okay program match for malilib:pipeline/position_color/masa/lequal_depth/no_cull: BASIC_COLOR
[14:16:14] [Render thread/WARN]: Found okay program match for malilib:pipeline/position_color/masa/lequal_depth: BASIC_COLOR
[14:16:14] [Render thread/WARN]: Found okay program match for malilib:pipeline/position_color/masa/depth_mask: BASIC_COLOR
[14:16:14] [Render thread/WARN]: Found okay program match for malilib:pipeline/position_color/masa: BASIC_COLOR
[14:16:14] [Render thread/WARN]: Found okay program match for malilib:pipeline/text_plate_bg/no_depth: BASIC_COLOR
[14:16:14] [Render thread/WARN]: Found okay program match for malilib:pipeline/text_plate_bg: BASIC_COLOR
[14:16:14] [Render thread/WARN]: Found okay program match for malilib:pipeline/minihud/shape/no_depth/offset: BASIC_COLOR
[14:16:14] [Render thread/WARN]: Found okay program match for malilib:pipeline/minihud/shape/no_depth: BASIC_COLOR
[14:16:14] [Render thread/WARN]: Found okay program match for malilib:pipeline/minihud/shape/offset/no_cull: BASIC_COLOR
[14:16:14] [Render thread/WARN]: Found okay program match for malilib:pipeline/minihud/shape/offset: BASIC_COLOR
[14:16:14] [Render thread/WARN]: Found okay program match for malilib:pipeline/minihud/shape/no_cull: BASIC_COLOR
[14:16:14] [Render thread/WARN]: Found okay program match for malilib:pipeline/minihud/shape: BASIC_COLOR
[14:16:14] [Render thread/WARN]: Found *decent* program match for malilib:pipeline/position_color_lines/translucent/no_depth/no_cull: LINES
[14:16:14] [Render thread/WARN]: Found *decent* program match for malilib:pipeline/position_color_lines/translucent/no_depth: LINES
[14:16:14] [Render thread/WARN]: Found *decent* program match for malilib:pipeline/position_color_lines/translucent/lequal_depth/offset_1: LINES
[14:16:14] [Render thread/WARN]: Found *decent* program match for malilib:pipeline/position_color_lines/translucent/lequal_depth/offset_2: LINES
[14:16:14] [Render thread/WARN]: Found *decent* program match for malilib:pipeline/position_color_lines/translucent/lequal_depth/offset_3: LINES
[14:16:14] [Render thread/WARN]: Found *decent* program match for malilib:pipeline/position_color_lines/translucent/lequal_depth/no_cull: LINES
[14:16:14] [Render thread/WARN]: Found *decent* program match for malilib:pipeline/position_color_lines/translucent/lequal_depth: LINES
[14:16:14] [Render thread/WARN]: Found *decent* program match for malilib:pipeline/position_color_lines/translucent: LINES
[14:16:14] [Render thread/WARN]: Found *decent* program match for malilib:pipeline/position_color_lines/masa/no_depth/no_cull: LINES
[14:16:14] [Render thread/WARN]: Found *decent* program match for malilib:pipeline/position_color_lines/masa/no_depth: LINES
[14:16:14] [Render thread/WARN]: Found *decent* program match for malilib:pipeline/position_color_lines/masa/lequal_depth/offset_1: LINES
[14:16:14] [Render thread/WARN]: Found *decent* program match for malilib:pipeline/position_color_lines/masa/lequal_depth/offset_2: LINES
[14:16:14] [Render thread/WARN]: Found *decent* program match for malilib:pipeline/position_color_lines/masa/lequal_depth/offset_3: LINES
[14:16:14] [Render thread/WARN]: Found *decent* program match for malilib:pipeline/position_color_lines/masa/lequal_depth/no_cull: LINES
[14:16:14] [Render thread/WARN]: Found *decent* program match for malilib:pipeline/position_color_lines/masa/lequal_depth: LINES
[14:16:14] [Render thread/WARN]: Found *decent* program match for malilib:pipeline/position_color_lines/masa: LINES
[14:16:14] [Render thread/WARN]: Found *decent* program match for malilib:pipeline/minihud/shape_lines/no_depth/offset: LINES
[14:16:14] [Render thread/WARN]: Found *decent* program match for malilib:pipeline/minihud/shape_lines/no_depth: LINES
[14:16:14] [Render thread/WARN]: Found *decent* program match for malilib:pipeline/minihud/shape_lines/offset/no_cull: LINES
[14:16:14] [Render thread/WARN]: Found *decent* program match for malilib:pipeline/minihud/shape_lines/offset: LINES
[14:16:14] [Render thread/WARN]: Found *decent* program match for malilib:pipeline/minihud/shape_lines/no_cull: LINES
[14:16:14] [Render thread/WARN]: Found *decent* program match for malilib:pipeline/minihud/shape_lines: LINES
[14:16:14] [Render thread/WARN]: Found okay program match for malilib:pipeline/position_tex_color/translucent/no_depth/no_cull: TEXTURED_COLOR
[14:16:14] [Render thread/WARN]: Found okay program match for malilib:pipeline/position_tex_color/translucent/no_depth: TEXTURED_COLOR
[14:16:14] [Render thread/WARN]: Found okay program match for malilib:pipeline/position_tex_color/translucent/lequal_depth/offset_1: TEXTURED_COLOR
[14:16:14] [Render thread/WARN]: Found okay program match for malilib:pipeline/position_tex_color/translucent/lequal_depth/offset_2: TEXTURED_COLOR
[14:16:14] [Render thread/WARN]: Found okay program match for malilib:pipeline/position_tex_color/translucent/lequal_depth/offset_3: TEXTURED_COLOR
[14:16:14] [Render thread/WARN]: Found okay program match for malilib:pipeline/position_tex_color/translucent/lequal_depth/no_cull: TEXTURED_COLOR
[14:16:14] [Render thread/WARN]: Found okay program match for malilib:pipeline/position_tex_color/translucent/lequal_depth: TEXTURED_COLOR
[14:16:14] [Render thread/WARN]: Found okay program match for malilib:pipeline/position_tex_color/translucent/depth_mask: TEXTURED_COLOR
[14:16:14] [Render thread/WARN]: Found okay program match for malilib:pipeline/position_tex_color/translucent: TEXTURED_COLOR
[14:16:14] [Render thread/WARN]: Found okay program match for malilib:pipeline/position_tex_color/masa/no_depth/no_cull: TEXTURED_COLOR
[14:16:14] [Render thread/WARN]: Found okay program match for malilib:pipeline/position_tex_color/masa/no_depth: TEXTURED_COLOR
[14:16:14] [Render thread/WARN]: Found okay program match for malilib:pipeline/position_tex_color/masa/lequal_depth/offset_1: TEXTURED_COLOR
[14:16:14] [Render thread/WARN]: Found okay program match for malilib:pipeline/position_tex_color/masa/lequal_depth/offset_2: TEXTURED_COLOR
[14:16:14] [Render thread/WARN]: Found okay program match for malilib:pipeline/position_tex_color/masa/lequal_depth/offset_3: TEXTURED_COLOR
[14:16:14] [Render thread/WARN]: Found okay program match for malilib:pipeline/position_tex_color/masa/lequal_depth/no_cull: TEXTURED_COLOR
[14:16:14] [Render thread/WARN]: Found okay program match for malilib:pipeline/position_tex_color/masa/lequal_depth: TEXTURED_COLOR
[14:16:14] [Render thread/WARN]: Found okay program match for malilib:pipeline/position_tex_color/masa/depth_mask: TEXTURED_COLOR
[14:16:14] [Render thread/WARN]: Found okay program match for malilib:pipeline/position_tex_color/masa: TEXTURED_COLOR
[14:16:14] [Render thread/WARN]: Found *decent* program match for malilib:pipeline/debug_lines/translucent/no_depth/no_cull: LINES
[14:16:14] [Render thread/WARN]: Found *decent* program match for malilib:pipeline/debug_lines/translucent/no_depth: LINES
[14:16:14] [Render thread/WARN]: Found *decent* program match for malilib:pipeline/debug_lines/translucent/no_cull: LINES
[14:16:14] [Render thread/WARN]: Found *decent* program match for malilib:pipeline/debug_lines/translucent/lequal_depth: LINES
[14:16:14] [Render thread/WARN]: Found *decent* program match for malilib:pipeline/debug_lines/translucent/offset_1: LINES
[14:16:14] [Render thread/WARN]: Found *decent* program match for malilib:pipeline/debug_lines/translucent/offset_2: LINES
[14:16:14] [Render thread/WARN]: Found *decent* program match for malilib:pipeline/debug_lines/translucent/offset_3: LINES
[14:16:14] [Render thread/WARN]: Found *decent* program match for malilib:pipeline/debug_lines/translucent: LINES
[14:16:14] [Render thread/WARN]: Found *decent* program match for malilib:pipeline/debug_lines/masa_simple/no_depth/no_cull: LINES
[14:16:14] [Render thread/WARN]: Found *decent* program match for malilib:pipeline/debug_lines/masa_simple/no_depth: LINES
[14:16:14] [Render thread/WARN]: Found *decent* program match for malilib:pipeline/debug_lines/masa_simple/no_cull: LINES
[14:16:14] [Render thread/WARN]: Found *decent* program match for malilib:pipeline/debug_lines/masa_simple/lequal_depth: LINES
[14:16:14] [Render thread/WARN]: Found *decent* program match for malilib:pipeline/debug_lines/masa_simple/offset_1: LINES
[14:16:14] [Render thread/WARN]: Found *decent* program match for malilib:pipeline/debug_lines/masa_simple/offset_2: LINES
[14:16:14] [Render thread/WARN]: Found *decent* program match for malilib:pipeline/debug_lines/masa_simple/offset_3: LINES
[14:16:14] [Render thread/WARN]: Found *decent* program match for malilib:pipeline/debug_lines/masa_simple: LINES
[14:16:14] [Render thread/WARN]: Found *decent* program match for malilib:pipeline/debug_line_strip/translucent/no_depth/no_cull: LINES
[14:16:14] [Render thread/WARN]: Found *decent* program match for malilib:pipeline/debug_line_strip/translucent/no_depth: LINES
[14:16:14] [Render thread/WARN]: Found *decent* program match for malilib:pipeline/debug_line_strip/translucent/no_cull: LINES
[14:16:14] [Render thread/WARN]: Found *decent* program match for malilib:pipeline/debug_line_strip/translucent/offset_1: LINES
[14:16:14] [Render thread/WARN]: Found *decent* program match for malilib:pipeline/debug_line_strip/translucent/offset_2: LINES
[14:16:14] [Render thread/WARN]: Found *decent* program match for malilib:pipeline/debug_line_strip/translucent/offset_3: LINES
[14:16:14] [Render thread/WARN]: Found *decent* program match for malilib:pipeline/debug_line_strip/translucent: LINES
[14:16:14] [Render thread/WARN]: Found *decent* program match for malilib:pipeline/debug_line_strip/masa_simple/no_depth/no_cull: LINES
[14:16:14] [Render thread/WARN]: Found *decent* program match for malilib:pipeline/debug_line_strip/masa_simple/no_depth: LINES
[14:16:14] [Render thread/WARN]: Found *decent* program match for malilib:pipeline/debug_line_strip/masa_simple/no_cull: LINES
[14:16:14] [Render thread/WARN]: Found *decent* program match for malilib:pipeline/debug_line_strip/masa_simple/offset_1: LINES
[14:16:14] [Render thread/WARN]: Found *decent* program match for malilib:pipeline/debug_line_strip/masa_simple/offset_2: LINES
[14:16:14] [Render thread/WARN]: Found *decent* program match for malilib:pipeline/debug_line_strip/masa_simple/offset_3: LINES
[14:16:14] [Render thread/WARN]: Found *decent* program match for malilib:pipeline/debug_line_strip/masa_simple: LINES
[14:16:14] [Render thread/WARN]: Found *decent* program match for malilib:pipeline/legacy/solid: TERRAIN_SOLID
[14:16:14] [Render thread/WARN]: Found *decent* program match for malilib:pipeline/legacy/wireframe: LINES
[14:16:14] [Render thread/WARN]: Found fine program match for malilib:pipeline/legacy/cutout: TERRAIN_CUTOUT
[14:16:14] [Render thread/WARN]: Found *decent* program match for malilib:pipeline/legacy/solid/masa/offset: TERRAIN_SOLID
[14:16:14] [Render thread/WARN]: Found *decent* program match for malilib:pipeline/legacy/wireframe/offset: LINES
[14:16:14] [Render thread/WARN]: Found fine program match for malilib:pipeline/legacy/cutout/offset: TERRAIN_CUTOUT
[14:16:14] [Render thread/WARN]: Found fine program match for malilib:pipeline/legacy/translucent: SODIUM_TERRAIN_TRANSLUCENT
[14:16:14] [Render thread/WARN]: Found fine program match for malilib:pipeline/legacy/translucent/offset: SODIUM_TERRAIN_TRANSLUCENT
[14:16:14] [Render thread/INFO]: [REI] Registered plugin provider REITooltipPlugin [appleskin] for REIClientPlugin
[14:16:14] [Render thread/INFO]: [REI] Registered plugin provider OwoReiPlugin [owo] for REIClientPlugin
[14:16:14] [Render thread/INFO]: [REI] Registered plugin provider DefaultClientPlugin [roughlyenoughitems] for REIClientPlugin
[14:16:14] [Render thread/INFO]: [REI] Registered plugin provider DefaultClientRuntimePlugin [roughlyenoughitems] for REIClientPlugin
[14:16:14] [Render thread/INFO]: [REI] Registered plugin provider HideIngredientsFromTagsPlugin [roughlyenoughitems] for REIClientPlugin
[14:16:14] [Render thread/INFO]: Registering S2C receiver with id roughlyenoughitems:ci_msg
[14:16:14] [Render thread/INFO]: Registering S2C receiver with id roughlyenoughitems:og_not_enough
[14:16:14] [Render thread/INFO]: Registering S2C receiver with id roughlyenoughitems:sync_displays
[14:16:15] [Render thread/INFO]: Deserializing SkyboxifyConfig from 'C:\Users\Administrator\AppData\Roaming\.minecraft\versions\XPlus PerioTable Modpack (26.2)\config\skyboxify.json'
[14:16:15] [Render thread/INFO]: Initializing 'tcdcommons' as 'TCDCommonsFabricClient'.
[14:16:15] [Render thread/INFO]: [STDOUT]: [TRender] Initializing Client...
[14:16:15] [Render thread/INFO]: Thread characteristics set successfully
[14:16:15] [Render thread/INFO]: Registering common data for channel xaerolib:main!
[14:16:15] [Render thread/INFO]: Registering client data for channel xaerolib:main!
[14:16:15] [Render thread/INFO]: Loading primary common config for channel xaerolib:main!
[14:16:15] [Render thread/INFO]: Loading server config profiles for channel xaerolib:main!
[14:16:15] [Render thread/INFO]: Loading primary client config for channel xaerolib:main!
[14:16:15] [Render thread/INFO]: Loading client config profiles for channel xaerolib:main!
[14:16:15] [Render thread/INFO]: Loading XaeroLib common 1/2!
[14:16:16] [Render thread/INFO]: Loading XaeroLib client 1/3!
[14:16:17] [Render thread/WARN]: io exception while checking patreon: Connect timed out
[14:16:18] [Render thread/INFO]: Xaero's Minimap: World Map found!
[14:16:18] [Render thread/INFO]: No Optifine!
[14:16:18] [Render thread/INFO]: Xaero's Minimap: No Vivecraft!
[14:16:18] [Render thread/INFO]: Xaero's Minimap: Iris found!
[14:16:18] [Render thread/INFO]: Registering common data for channel xaerominimap:main!
[14:16:18] [Render thread/INFO]: Registering client data for channel xaerominimap:main!
[14:16:18] [Render thread/INFO]: Loading primary common config for channel xaerominimap:main!
[14:16:18] [Render thread/INFO]: Loading server config profiles for channel xaerominimap:main!
[14:16:18] [Render thread/INFO]: Loading primary client config for channel xaerominimap:main!
[14:16:18] [Render thread/INFO]: Loading client config profiles for channel xaerominimap:main!
[14:16:18] [Render thread/INFO]: Initializing XaeroPlus
[14:16:18] [Render thread/INFO]: WorldTools not found. Disabling WorldTools support.
[14:16:19] [Render thread/INFO]: Baritone API not found. Disabling Baritone support.
[14:16:19] [Render thread/INFO]: Loading Xaero's Minimap - Stage 1/3
[14:16:20] [Render thread/INFO]: Registering common data for channel xaeroworldmap:main!
[14:16:20] [Render thread/INFO]: Registering client data for channel xaeroworldmap:main!
[14:16:20] [Render thread/INFO]: Loading primary common config for channel xaeroworldmap:main!
[14:16:20] [Render thread/INFO]: Loading server config profiles for channel xaeroworldmap:main!
[14:16:20] [Render thread/INFO]: Loading primary client config for channel xaeroworldmap:main!
[14:16:20] [Render thread/INFO]: Loading client config profiles for channel xaeroworldmap:main!
[14:16:20] [Render thread/INFO]: Loading Xaero's World Map - Stage 1/3
[14:16:20] [Render thread/INFO]: Deserializing YACLConfig from 'C:\Users\Administrator\AppData\Roaming\.minecraft\versions\XPlus PerioTable Modpack (26.2)\config\yacl.json5'
[14:16:20] [Render thread/WARN]: Cancelled mixin fun.qu_an.minecraft.asyncparticles.client.mixin.conditional.MixinParticles_LockRequired_Extract. Check debug logs for more information.
[14:16:20] [Render thread/WARN]: Cancelled mixin fun.qu_an.minecraft.asyncparticles.client.mixin.conditional.MixinParticles_LockProvider. Check debug logs for more information.
[14:16:20] [Render thread/WARN]: Cancelled mixin fun.qu_an.minecraft.asyncparticles.client.mixin.conditional.MixinParticles_LockRequired_Tick. Check debug logs for more information.
[14:16:20] [Render thread/WARN]: Cancelled mixin fun.qu_an.minecraft.asyncparticles.client.mixin.conditional.Mixin_ReplaceRandom. Check debug logs for more information.
[14:16:20] [Render thread/INFO]: Initializing mods (entrypoint yumi:init)...
[14:16:21] [Render thread/INFO]: [LambDynLights] Initializing LambDynamicLights...
[14:16:21] [Render thread/INFO]: [LambDynLights] Configuration loaded.
[14:16:21] [Render thread/INFO]: Backend library: LWJGL version 3.4.1-snapshot
[14:16:22] [Render thread/INFO]: Using GlfwEventHandler
[14:16:22] [Ixeris Event Polling Thread/INFO]: Using GlfwEventHandler
[14:16:22] [Render thread/INFO]: Modifying process environment to apply workarounds for the NVIDIA graphics driver...
[14:16:23] [Render thread/INFO]: Use NV_blend_equation_advanced
[14:16:23] [Render thread/INFO]: OpenGL vendor: NVIDIA Corporation
[14:16:23] [Render thread/INFO]: OpenGL renderer: NVIDIA GeForce GT 720/PCIe/SSE2
[14:16:23] [Render thread/INFO]: OpenGL version: 3.3.0 NVIDIA 475.14
[14:16:23] [Render thread/INFO]: OpenGL caps: 
AnisotropySupport: true
GpuTracingSupport: false
ConservativeRasterSupport: false
TextureBarrierSupport: true
DepthClipNegativeOneToOne: false
BlendEquationSupport: ADVANCED
ClampToBorderSupport: true
MaxRenderTargetSize: 16384
MaxPreferredRenderTargetSize: 16384
MaxVertexAttributes: 16
MaxVertexBindings: 8
MaxTextureSize: 16384
MaxPushConstantsSize: 0
MaxColorAttachments: 8
MinUniformBufferOffsetAlignment: 256
MinStorageBufferOffsetAlignment: 16
ShaderCaps:
	TargetAPI: OPENGL_3_3
	GLSLVersion: GLSL_330
	SPIRVVersion: null
	FMASupport: true
	DualSourceBlendingSupport: true
	PreferFlatInterpolation: true
	VertexIDSupport: true
	InfinitySupport: true
	NonConstantArrayIndexSupport: true
	BitManipulationSupport: true
	NoPerspectiveInterpolationSupport: true
	ReducedShaderMode: false
	TextureQueryLod: false
	UniformBindingSupport: true
	VaryingLocationSupport: true
	UseBlockMemberOffset: false
	UsePrecisionModifiers: false
	RequiresLocalOutputColorForFBFetch: false
	MustObfuscateUniformColor: false
	MustWriteToFragColor: false
	ColorSpaceMathNeedsFloat: false
	AvoidDfDxForGradientsWhenPossible: false
	SecondaryOutputExtension: null
	AdvBlendEqInteraction: 1
	MaxFragmentSamplers: 32
Vendor: NVIDIA
Driver: NVIDIA
MaxFragmentUniformVectors: 1024
MaxTextureMaxAnisotropy: 16.0
SupportsProtected: false
SkipErrorChecks: true
MaxLabelLength: 256
DebugSupport: true
BufferStorageSupport: true
DrawElementsBaseVertexSupport: true
BaseInstanceSupport: true
DSASupport: true
InvalidateBufferType: 2
InvalidateFramebufferSupport: true
ShaderBinarySupport: true
UseStagingBuffers: false
MustHaveFragmentShader: false
VertexAttribBindingSupport: true
CopyImageSupport: true
SPIRVSupport: false
ViewCompatibilityClassSupport: true
TexStorageSupport: true
ProgramBinarySupport: true
ProgramBinaryFormats: [36385]
GLSLVersion: 330
ColorTypeToFormat:
	UNKNOWN=>Unsupported
	R_8=>R8
	RG_88=>RG8
	RGBA_8888=>RGBA8
	R_16=>R16
	RG_1616=>RG16
	RGBA_16161616=>RBGA16
	R_F16=>R16F
	RG_F16=>RG16F
	RGBA_F16=>RGBA16F
	R_F32=>Unsupported
	RG_F32=>Unsupported
	RGBA_F32=>Unsupported
	ALPHA_8=>R8
	ALPHA_16=>R16
	ALPHA_F16=>R16F
	GRAY_8=>R8
	GRAY_16=>R16
	GRAY_ALPHA_88=>RG8
	GRAY_ALPHA_1616=>RG16
	BGRA_8888=>BGRA8
	BGR_565=>B5_G6_R5
	BGRA_5551=>BGR5_A1
	RGBA_1010102=>RGB10_A2
	BGRA_1010102=>BGR10_A2
	RGBE_9995=>Unsupported
	RGB_888=>RGB8
	RGB_161616=>RGB16
	RGBX_8888=>RGBA8
CompressionTypeToBackendFormat: [null, {mBackend=OpenGL, mFormat=ETC2}, {mBackend=OpenGL, mFormat=RGB8_BC1}, {mBackend=OpenGL, mFormat=RGBA8_BC1}]

[14:16:23] [Render thread/INFO]: UI manager initialized
[14:16:23] [Render thread/INFO]: UI renderer initialized
[14:16:23] [Render thread/INFO]: Debug functionality is disabled.
[14:16:23] [Render thread/INFO]: ARB_direct_state_access detected, enabling DSA.
[14:16:23] [Render thread/INFO]: Transformed com/mojang/blaze3d/platform/NativeImage with [customskinloader:interface-patch]
[14:16:23] [Render thread/INFO]: Transformed Fabric target com.mojang.blaze3d.platform.NativeImage with [customskinloader:interface-patch]
[14:16:23] [Render thread/INFO]: Shaders are disabled because enableShaders is set to false in iris.properties
[14:16:23] [Render thread/INFO]: AsyncParticles will cancel some of its mixins to achieve specific functions, so you can ignore the related Mixinsquared-canceller warnings below.
[14:16:23] [Render thread/INFO]: Initializing ImmediatelyFast 1.16.5+26.2 on NVIDIA GeForce GT 720/PCIe/SSE2 (NVIDIA Corporation) with OpenGL 3.3.0 NVIDIA 475.14
[14:16:23] [Render thread/INFO]: Using graphics backend OpenGL, using drivers: 3.3.0 NVIDIA 475.14
[14:16:23] [Render thread/INFO]: Using graphics device: NVIDIA GeForce GT 720/PCIe/SSE2 (NVIDIA Corporation)
[14:16:23] [Render thread/INFO]: Using graphics device extensions: GL_ARB_multi_draw_indirect, GL_ARB_shader_draw_parameters, GL_ARB_base_instance, GL_KHR_debug, GL_ARB_draw_indirect, GL_ARB_clip_control, GL_ARB_vertex_attrib_binding, GL_ARB_direct_state_access, GL_EXT_texture_filter_anisotropic
[14:16:23] [Render thread/INFO]: Using cached localizations...
[14:16:24] [Render thread/WARN]: Error reading pack metadata, attempting fallback type
com.google.gson.JsonParseException: Pack declares support for version newer than 64, but is missing mandatory fields min_format and max_format
	at knot//com.mojang.serialization.DataResult$Error.md7392af$owo$lambda$addStackTraceToException$0$0(DataResult.java:584)
	at knot//com.mojang.serialization.DataResult$Error.getOrThrow(DataResult.java:287)
	at knot//net.minecraft.server.packs.resources.ResourceMetadata$2.getSection(ResourceMetadata.java:40)
	at knot//net.minecraft.server.packs.AbstractPackResources.getMetadataSection(AbstractPackResources.java:26)
	at knot//net.minecraft.server.packs.repository.Pack.readPackMetadata(Pack.java:56)
	at knot//net.minecraft.server.packs.repository.Pack.readMetaAndCreate(Pack.java:41)
	at knot//net.minecraft.server.packs.repository.FolderRepositorySource.lambda$loadPacks$0(FolderRepositorySource.java:63)
	at knot//net.minecraft.server.packs.repository.FolderRepositorySource.discoverPacks(FolderRepositorySource.java:94)
	at knot//net.minecraft.server.packs.repository.FolderRepositorySource.loadPacks(FolderRepositorySource.java:59)
	at knot//net.minecraft.server.packs.repository.PackRepository.discoverAvailable(PackRepository.java:43)
	at knot//net.minecraft.server.packs.repository.PackRepository.reload(PackRepository.java:36)
	at knot//net.minecraft.client.Minecraft.<init>(Minecraft.java:586)
	at java.base/java.lang.Thread.run(Thread.java:1474)
[14:16:24] [Render thread/WARN]: Error reading pack metadata, attempting fallback type
com.google.gson.JsonParseException: Pack version declaration mismatch between supported_formats (up to 69) and max_format (75.*)
	at knot//com.mojang.serialization.DataResult$Error.md7392af$owo$lambda$addStackTraceToException$0$0(DataResult.java:584)
	at knot//com.mojang.serialization.DataResult$Error.getOrThrow(DataResult.java:287)
	at knot//net.minecraft.server.packs.resources.ResourceMetadata$2.getSection(ResourceMetadata.java:40)
	at knot//net.minecraft.server.packs.AbstractPackResources.getMetadataSection(AbstractPackResources.java:26)
	at knot//net.minecraft.server.packs.repository.Pack.readPackMetadata(Pack.java:56)
	at knot//net.minecraft.server.packs.repository.Pack.readMetaAndCreate(Pack.java:41)
	at knot//net.minecraft.server.packs.repository.FolderRepositorySource.lambda$loadPacks$0(FolderRepositorySource.java:63)
	at knot//net.minecraft.server.packs.repository.FolderRepositorySource.discoverPacks(FolderRepositorySource.java:94)
	at knot//net.minecraft.server.packs.repository.FolderRepositorySource.loadPacks(FolderRepositorySource.java:59)
	at knot//net.minecraft.server.packs.repository.PackRepository.discoverAvailable(PackRepository.java:43)
	at knot//net.minecraft.server.packs.repository.PackRepository.reload(PackRepository.java:36)
	at knot//net.minecraft.client.Minecraft.<init>(Minecraft.java:586)
	at java.base/java.lang.Thread.run(Thread.java:1474)
[14:16:24] [Render thread/WARN]: Error reading pack metadata, attempting fallback type
com.google.gson.JsonParseException: Pack declares support for version newer than 64, but is missing mandatory fields min_format and max_format
	at knot//com.mojang.serialization.DataResult$Error.md7392af$owo$lambda$addStackTraceToException$0$0(DataResult.java:584)
	at knot//com.mojang.serialization.DataResult$Error.getOrThrow(DataResult.java:287)
	at knot//net.minecraft.server.packs.resources.ResourceMetadata$2.getSection(ResourceMetadata.java:40)
	at knot//net.minecraft.server.packs.AbstractPackResources.getMetadataSection(AbstractPackResources.java:26)
	at knot//net.minecraft.server.packs.repository.Pack.readPackMetadata(Pack.java:56)
	at knot//net.minecraft.server.packs.repository.Pack.readMetaAndCreate(Pack.java:41)
	at knot//net.minecraft.server.packs.repository.FolderRepositorySource.lambda$loadPacks$0(FolderRepositorySource.java:63)
	at knot//net.minecraft.server.packs.repository.FolderRepositorySource.discoverPacks(FolderRepositorySource.java:94)
	at knot//net.minecraft.server.packs.repository.FolderRepositorySource.loadPacks(FolderRepositorySource.java:59)
	at knot//net.minecraft.server.packs.repository.PackRepository.discoverAvailable(PackRepository.java:43)
	at knot//net.minecraft.server.packs.repository.PackRepository.reload(PackRepository.java:36)
	at knot//net.minecraft.client.Minecraft.<init>(Minecraft.java:586)
	at java.base/java.lang.Thread.run(Thread.java:1474)
[14:16:24] [Render thread/WARN]: Error reading pack metadata, attempting fallback type
com.google.gson.JsonParseException: Pack declares support for version newer than 64, but is missing mandatory fields min_format and max_format
	at knot//com.mojang.serialization.DataResult$Error.md7392af$owo$lambda$addStackTraceToException$0$0(DataResult.java:584)
	at knot//com.mojang.serialization.DataResult$Error.getOrThrow(DataResult.java:287)
	at knot//net.minecraft.server.packs.resources.ResourceMetadata$2.getSection(ResourceMetadata.java:40)
	at knot//net.minecraft.server.packs.AbstractPackResources.getMetadataSection(AbstractPackResources.java:26)
	at knot//net.minecraft.server.packs.repository.Pack.readPackMetadata(Pack.java:56)
	at knot//net.minecraft.server.packs.repository.Pack.readMetaAndCreate(Pack.java:41)
	at knot//net.minecraft.server.packs.repository.FolderRepositorySource.lambda$loadPacks$0(FolderRepositorySource.java:63)
	at knot//net.minecraft.server.packs.repository.FolderRepositorySource.discoverPacks(FolderRepositorySource.java:94)
	at knot//net.minecraft.server.packs.repository.FolderRepositorySource.loadPacks(FolderRepositorySource.java:59)
	at knot//net.minecraft.server.packs.repository.PackRepository.discoverAvailable(PackRepository.java:43)
	at knot//net.minecraft.server.packs.repository.PackRepository.reload(PackRepository.java:36)
	at knot//net.minecraft.client.Minecraft.<init>(Minecraft.java:586)
	at java.base/java.lang.Thread.run(Thread.java:1474)
[14:16:24] [Render thread/WARN]: Error reading pack metadata, attempting fallback type
com.google.gson.JsonParseException: Pack declares support for version newer than 64, but is missing mandatory fields min_format and max_format
	at knot//com.mojang.serialization.DataResult$Error.md7392af$owo$lambda$addStackTraceToException$0$0(DataResult.java:584)
	at knot//com.mojang.serialization.DataResult$Error.getOrThrow(DataResult.java:287)
	at knot//net.minecraft.server.packs.resources.ResourceMetadata$2.getSection(ResourceMetadata.java:40)
	at knot//net.minecraft.server.packs.AbstractPackResources.getMetadataSection(AbstractPackResources.java:26)
	at knot//net.minecraft.server.packs.repository.Pack.readPackMetadata(Pack.java:56)
	at knot//net.minecraft.server.packs.repository.Pack.readMetaAndCreate(Pack.java:41)
	at knot//net.minecraft.server.packs.repository.FolderRepositorySource.lambda$loadPacks$0(FolderRepositorySource.java:63)
	at knot//net.minecraft.server.packs.repository.FolderRepositorySource.discoverPacks(FolderRepositorySource.java:94)
	at knot//net.minecraft.server.packs.repository.FolderRepositorySource.loadPacks(FolderRepositorySource.java:59)
	at knot//net.minecraft.server.packs.repository.PackRepository.discoverAvailable(PackRepository.java:43)
	at knot//net.minecraft.server.packs.repository.PackRepository.reload(PackRepository.java:36)
	at knot//net.minecraft.client.Minecraft.<init>(Minecraft.java:586)
	at java.base/java.lang.Thread.run(Thread.java:1474)
[14:16:24] [Render thread/INFO]: Transformed net/minecraft/client/renderer/texture/SkinTextureDownloader with [customskinloader:skin-texture-patch]
[14:16:24] [Render thread/INFO]: Transformed Fabric target net.minecraft.client.renderer.texture.SkinTextureDownloader with [customskinloader:skin-texture-patch]
[14:16:24] [Render thread/INFO]: Transformed net/minecraft/client/resources/SkinManager with [customskinloader:skin-manager-patch]
[14:16:24] [Render thread/INFO]: Transformed Fabric target net.minecraft.client.resources.SkinManager with [customskinloader:skin-manager-patch]
[14:16:24] [Render thread/INFO]: Transformed net/minecraft/client/resources/SkinManager$1 with [customskinloader:skin-manager-patch]
[14:16:24] [Render thread/INFO]: Transformed Fabric target net.minecraft.client.resources.SkinManager$1 with [customskinloader:skin-manager-patch]
[14:16:24] [Render thread/INFO]: Transformed net/minecraft/client/resources/SkinManager$TextureCache with [customskinloader:skin-manager-patch]
[14:16:24] [Render thread/INFO]: Transformed Fabric target net.minecraft.client.resources.SkinManager$TextureCache with [customskinloader:skin-manager-patch]
[14:16:25] [Render thread/WARN]: Cancelled mixin fun.qu_an.minecraft.asyncparticles.client.mixin.conditional.MixinParticles_LightCacheNoRefresh. Check debug logs for more information.
[14:16:25] [Render thread/WARN]: Cancelled mixin fun.qu_an.minecraft.asyncparticles.client.mixin.conditional.MixinParticles_LightCacheNoRefresh. Check debug logs for more information.
[14:16:25] [Render thread/WARN]: Cancelled mixin fun.qu_an.minecraft.asyncparticles.client.mixin.conditional.MixinParticles_LightCacheNoRefresh. Check debug logs for more information.
[14:16:25] [Render thread/WARN]: Cancelled mixin fun.qu_an.minecraft.asyncparticles.client.mixin.conditional.MixinParticles_LightCacheNoRefresh. Check debug logs for more information.
[14:16:25] [Render thread/WARN]: Cancelled mixin fun.qu_an.minecraft.asyncparticles.client.mixin.conditional.MixinParticles_LightCacheNoRefresh. Check debug logs for more information.
[14:16:25] [Render thread/WARN]: Cancelled mixin fun.qu_an.minecraft.asyncparticles.client.mixin.conditional.MixinParticles_LightCacheNoRefresh. Check debug logs for more information.
[14:16:25] [Render thread/WARN]: Cancelled mixin fun.qu_an.minecraft.asyncparticles.client.mixin.conditional.Mixin_ReplaceRandom. Check debug logs for more information.
[14:16:25] [Render thread/WARN]: Cancelled mixin fun.qu_an.minecraft.asyncparticles.client.mixin.conditional.MixinAsyncTick_AsyncTickableParticleGroup. Check debug logs for more information.
[14:16:25] [Render thread/WARN]: Cancelled mixin fun.qu_an.minecraft.asyncparticles.client.mixin.conditional.MixinAsyncTick_AsyncTickableParticleGroup. Check debug logs for more information.
[14:16:25] [Render thread/WARN]: Cancelled mixin fun.qu_an.minecraft.asyncparticles.client.mixin.conditional.MixinAsyncTick_AsyncTickableParticleGroup. Check debug logs for more information.
[14:16:25] [ForkJoinPool.commonPool-worker-1/WARN]: [Iris Update Check] This version doesn't have an update index, skipping.
[14:16:25] [UI thread/INFO]: UI thread initialized in 2574ms
[14:16:25] [Render thread/INFO]: Hardware information:
[14:16:26] [Render thread/INFO]: CPU: 4x AMD Athlon(tm) X4 730 Quad Core Processor 
[14:16:26] [Render thread/INFO]: GPU: NVIDIA GeForce GT 720/PCIe/SSE2 (Supports OpenGL 3.3.0 NVIDIA 475.14)
[14:16:26] [Render thread/INFO]: OS: Windows 10 (10.0)
[14:16:26] [Render thread/INFO]: Transformed net/minecraft/client/gui/components/PlayerTabOverlay with [customskinloader:render-patch]
[14:16:26] [Render thread/INFO]: Transformed Fabric target net.minecraft.client.gui.components.PlayerTabOverlay with [customskinloader:render-patch]
[14:16:26] [Render thread/INFO]: Transformed net/minecraft/server/packs/resources/Resource with [customskinloader:interface-patch]
[14:16:26] [Render thread/INFO]: Transformed Fabric target net.minecraft.server.packs.resources.Resource with [customskinloader:interface-patch]
[14:16:27] [Render thread/INFO]: Reloading ResourceManager: file/综合汉化.zip, file/Axiom_ZH_Supplement_Translated.zip, axiom_translations, file/XPlus 2.0 Basic ResourcePack v1.0.3.zip, file/Sodium(钠)模组汉化包9.zip, file/Xaero地图汉化(MiniMap+WorldMap).zip, vanilla, advancements_reloaded, animatica, appleskin, asyncparticles, autofish, axiom, betterblockentities, betterstats, c2me, capes, cardinal-components-base, cardinal-components-entity, carpet, carpet-tis-addition, chat_heads, cloth-config, com_viaversion_viaaprilfools-common, com_viaversion_viabackwards-common, com_viaversion_viaversion-common, conditional-mixin, configured, continuity, controlling, durabilityviewer, e4mc, entity_model_features, entity_texture_features, entityculling, euphoria_patcher, exploitpreventer, fabric-advancement-api-v1, fabric-api, fabric-api-base, fabric-api-lookup-api-v1, fabric-biome-api-v1, fabric-block-api-v1, fabric-block-getter-api-v2, fabric-command-api-v2, fabric-content-registries-v0, fabric-convention-tags-v2, fabric-crash-report-info-v1, fabric-creative-tab-api-v1, fabric-data-attachment-api-v1, fabric-data-generation-api-v1, fabric-debug-api-v1, fabric-dimensions-v1, fabric-entity-events-v1, fabric-events-interaction-v0, fabric-game-rule-api-v1, fabric-item-api-v1, fabric-key-mapping-api-v1, fabric-language-kotlin, fabric-lifecycle-events-v1, fabric-loot-api-v3, fabric-menu-api-v1, fabric-message-api-v1, fabric-model-loading-api-v1, fabric-networking-api-v1, fabric-object-builder-api-v1, fabric-particles-v1, fabric-permission-api-v1, fabric-recipe-api-v1, fabric-registry-sync-v0, fabric-renderer-api-v1, fabric-renderer-indigo, fabric-rendering-fluids-v1, fabric-rendering-v1, fabric-resource-conditions-api-v1, fabric-resource-loader-v0, fabric-resource-loader-v1, fabric-screen-api-v1, fabric-serialization-api-v1, fabric-sound-api-v1, fabric-tag-api-v1, fabric-transfer-api-v1, fabric-transitive-access-wideners-v1, fabricloader, forcecloseworldloadingscreen, forgeconfigapiport, fzzy_config, gca, gca_wrapper, glowtools, ias, imblocker, immediatelyfast, insecticide, inventoryprofilesnext, iris, itemscroller, jade, lambdynlights, lambdynlights_api, languagereload, lattice, libipn, litematica, litematica-printer, litematica-printer-wrapper, lithium, magiclib, magiclib-26_2, magiclib_core, magiclib_malilib_extra, magiclib_minecraft_api, malilib, masa_gadget_mod, mcwifipnp, midnightlib, minihud, mixintrace, modernfix, modernui, modmenu, moreculling, myresourcepack, net_raphimc_vialegacy, nochatreports, nopackcompatcheck, ok_zoomer, owo, peek, placeholder-api, pride, punchy, puzzle, reeses-sodium-options, resourcefulconfig, resourcify, roughlyenoughitems, scalablelux, schematicpreview, searchables, serverpingerfixer, showmeyourskin, skinlayers3d, skyboxify, smoothscroll, sodium, sodium-extra, spruceui, stfu, structure_layout_optimizer, syncmatica, tcdcommons, titlechanger, trender, tweakermore, tweakeroo, viafabricplus, villagertradingoverhanful, visual-keymap, waveycapes, windows-priority-boost, wrench_wrapper, wrench_wrapper_backend, xaerolib, xaerominimap, xaeroplus, xaeroworldmap, yet_another_config_lib_v3, zconfig, zfastnoise, continuity:glass_pane_culling_fix, continuity:default, file/XK redstone display 26.3.0.zip, file/alex娃娃.zip, file/FA+Player-v1.1.zip, file/HyperPunchy-v2.5+.zip
[14:16:28] [Render thread/INFO]: Placement Manager calculated thread limit: [02/02]
[14:16:28] [Render thread/INFO]: i18nLang#load: File: '/assets/litematica/lang/en_us.json' has been loaded successfully
[14:16:28] [Render thread/WARN]: i18nOptionManager#buildLanguageOptions(litematica): Detected [14] available options.
[14:16:28] [Render thread/INFO]: i18nLang#load: File: '/assets/itemscroller/lang/en_us.json' has been loaded successfully
[14:16:28] [Render thread/WARN]: i18nOptionManager#buildLanguageOptions(itemscroller): Detected [7] available options.
[14:16:28] [Render thread/INFO]: Carpet: [26.2+v260616], CarpetTIS: [1.82.4]
[14:16:28] [Render thread/INFO]: i18nLang#load: File: '/assets/minihud/lang/en_us.json' has been loaded successfully
[14:16:28] [Render thread/WARN]: i18nOptionManager#buildLanguageOptions(minihud): Detected [8] available options.
[14:16:30] [Render thread/INFO]: i18nLang#load: File: '/assets/tweakeroo/lang/en_us.json' has been loaded successfully
[14:16:30] [Render thread/WARN]: i18nOptionManager#buildLanguageOptions(tweakeroo): Detected [7] available options.
[14:16:30] [Render thread/INFO]: i18nLang#load: File: '/assets/minihud/lang/zh_cn.json' has been loaded successfully
[14:16:30] [Render thread/INFO]: i18nOptionManager#setLang(minihud): Language: 'zh_cn' - has been loaded successfully.
[14:16:30] [Render thread/INFO]: i18nLang#load: File: '/assets/malilib/lang/zh_cn.json' has been loaded successfully
[14:16:30] [Render thread/INFO]: i18nOptionManager#setLang(malilib): Language: 'zh_cn' - has been loaded successfully.
[14:16:30] [Render thread/INFO]: i18nLang#load: File: '/assets/tweakeroo/lang/zh_cn.json' has been loaded successfully
[14:16:30] [Render thread/INFO]: i18nOptionManager#setLang(tweakeroo): Language: 'zh_cn' - has been loaded successfully.
[14:16:30] [Render thread/WARN]: Unable to find entity: 'minecraft:boat'
[14:16:31] [Render thread/INFO]: i18nLang#load: File: '/assets/litematica/lang/zh_cn.json' has been loaded successfully
[14:16:31] [Render thread/INFO]: i18nOptionManager#setLang(litematica): Language: 'zh_cn' - has been loaded successfully.
[14:16:31] [ForkJoinPool.commonPool-worker-3/INFO]: Redirect registered font 'JetBrains Mono Medium' to 'modernui:jetbrains-mono-medium'
[14:16:31] [ForkJoinPool.commonPool-worker-1/INFO]: Redirect registered font 'Inter Frozen Medium' to 'modernui:inter-frozen-medium'
[14:16:31] [ForkJoinPool.commonPool-worker-1/INFO]: Registered font 'Inter Frozen Medium', location 'modernui:font/inter-frozen-medium-italic.otf' in pack: 'modernui'
[14:16:31] [ForkJoinPool.commonPool-worker-3/INFO]: Registered font 'JetBrains Mono Medium', location 'modernui:font/jetbrains-mono-medium.ttf' in pack: 'modernui'
[14:16:31] [ForkJoinPool.commonPool-worker-2/INFO]: Registered font 'Inter Frozen Medium', location 'modernui:font/inter-frozen-medium.otf' in pack: 'modernui'
[14:16:31] [Render thread/INFO]: i18nLang#load: File: '/assets/itemscroller/lang/zh_cn.json' has been loaded successfully
[14:16:31] [Render thread/INFO]: i18nOptionManager#setLang(itemscroller): Language: 'zh_cn' - has been loaded successfully.
[14:16:31] [ForkJoinPool.commonPool-worker-1/INFO]: Redirect registered font 'mui-i18n-compat' to 'modernui:mui-i18n-compat'
[14:16:31] [ForkJoinPool.commonPool-worker-1/INFO]: Registered font 'mui-i18n-compat', location 'modernui:font/muii18ncompat/muii18ncompat.ttf' in pack: 'modernui'
[14:16:31] [Render thread/ERROR]: Failed to unpack file/FA+Player-v1.1.zip.
[14:16:31] [Worker-ResourceReload-0/INFO]: Scanned emoji map size: 3581
[14:16:31] [Worker-ResourceReload-0/INFO]: Scanned emoji shortcodes: 6923
[14:16:31] [ForkJoinPool.commonPool-worker-3/WARN]: Failed to lookup in registered fonts, original font: java.awt.Font[family=思源黑体 CN Medium,name=思源黑体 CN Medium,style=plain,size=1], full name: 思源黑体 CN Medium
[14:16:31] [ForkJoinPool.commonPool-worker-3/INFO]: Redirect registered font 'Source Han Sans CN Medium' to 'modernui:source-han-sans-cn-medium'
[14:16:31] [ForkJoinPool.commonPool-worker-3/INFO]: Registered font 'Source Han Sans CN Medium', location 'modernui:font/source-han-sans-cn-medium.otf' in pack: 'modernui'
[14:16:31] [Worker-ResourceReload-1/INFO]: Font 'Noto Sans' failed to load or invalid
[14:16:31] [Worker-ResourceReload-1/INFO]: Font 'Segoe UI Variable' failed to load or invalid
[14:16:31] [Worker-ResourceReload-1/INFO]: Font 'San Francisco' failed to load or invalid
[14:16:31] [Worker-ResourceReload-1/INFO]: Font 'Open Sans' failed to load or invalid
[14:16:32] [Worker-ResourceReload-1/INFO]: Font 'STHeiti' failed to load or invalid
[14:16:32] [Worker-ResourceReload-1/INFO]: Loaded typeface: FontCollection{mFamilies=[Inter Frozen Medium, Source Han Sans CN Medium, Segoe UI, SimHei, Segoe UI Symbol, mui-i18n-compat], mExclusiveEastAsianBits=null}
[14:16:32] [Worker-ResourceReload-0/WARN]: Invalid path in datapack: minecraft:models/block/pressure_plate_down x.json, ignoring
[14:16:32] [Render thread/INFO]: Using Cloth Config GUI
[14:16:32] [Worker-ResourceReload-1/INFO]: Loaded raw font 'minecraft:alt' in pack: 'vanilla'
[14:16:32] [Worker-ResourceReload-1/INFO]: Loaded raw font bundle: 'minecraft:font/alt.json', font set: [minecraft:include/space,minecraft:font/ascii_sga.png]
[14:16:32] [Worker-ResourceReload-1/INFO]: Loaded raw font 'minecraft:default' in pack: 'vanilla'
[14:16:32] [Worker-ResourceReload-1/INFO]: Loaded raw font 'minecraft:default' in pack: 'yet_another_config_lib_v3'
[14:16:32] [Worker-ResourceReload-1/INFO]: Loaded raw font bundle: 'minecraft:font/default.json', font set: [minecraft:include/space,minecraft:include/default,yet_another_config_lib_v3:font/reset.png]
[14:16:32] [Worker-ResourceReload-1/INFO]: Loaded raw font 'minecraft:illageralt' in pack: 'vanilla'
[14:16:32] [Worker-ResourceReload-1/INFO]: Loaded raw font bundle: 'minecraft:font/illageralt.json', font set: [minecraft:include/space,minecraft:font/asciillager.png]
[14:16:32] [Worker-ResourceReload-1/INFO]: Loaded raw font 'minecraft:include/default' in pack: 'vanilla'
[14:16:32] [Worker-ResourceReload-1/INFO]: Loaded raw font bundle: 'minecraft:font/include/default.json', font set: [minecraft:font/nonlatin_european.png,minecraft:font/accented.png,minecraft:font/ascii.png]
[14:16:32] [Worker-ResourceReload-1/INFO]: Loaded raw font 'minecraft:include/space' in pack: 'vanilla'
[14:16:32] [Worker-ResourceReload-1/INFO]: Loaded raw font bundle: 'minecraft:font/include/space.json', font set: [minecraft:include/space / minecraft:space]
[14:16:32] [Worker-ResourceReload-1/INFO]: Loaded raw font 'minecraft:include/unifont_pua' in pack: 'vanilla'
[14:16:32] [Worker-ResourceReload-1/INFO]: Loaded raw font bundle: 'minecraft:font/include/unifont_pua.json', font set: [modernui:internal-default]
[14:16:32] [Worker-ResourceReload-1/INFO]: Loaded font: 'minecraft:include/space', font set: [minecraft:include/space / minecraft:space]
[14:16:32] [Worker-ResourceReload-1/INFO]: Loaded font: 'minecraft:include/default', font set: [minecraft:font/nonlatin_european.png,minecraft:font/accented.png,minecraft:font/ascii.png]
[14:16:32] [Worker-ResourceReload-1/INFO]: Loaded font: 'minecraft:default', font set: [minecraft:include/space / minecraft:space,minecraft:font/nonlatin_european.png,minecraft:font/accented.png,minecraft:font/ascii.png,yet_another_config_lib_v3:font/reset.png]
[14:16:32] [Worker-ResourceReload-1/INFO]: Loaded font: 'minecraft:illageralt', font set: [minecraft:include/space / minecraft:space,minecraft:font/asciillager.png]
[14:16:32] [Worker-ResourceReload-1/INFO]: Loaded font: 'minecraft:include/unifont_pua', font set: [Inter Frozen Medium,Source Han Sans CN Medium,Segoe UI,SimHei,Segoe UI Symbol,mui-i18n-compat]
[14:16:32] [Worker-ResourceReload-1/INFO]: Loaded font: 'minecraft:alt', font set: [minecraft:include/space / minecraft:space,minecraft:font/ascii_sga.png]
[14:16:33] [Render thread/INFO]: Generating YACL screen
[14:16:33] [Render thread/INFO]: Generating YACL screen
[14:16:33] [Render thread/INFO]: Generating YACL screen
[14:16:33] [Render thread/ERROR]: Mod viafabricplus provides a broken implementation of ModMenuApi
java.lang.RuntimeException: java.lang.reflect.InvocationTargetException
	at knot//com.plusls.MasaGadget.impl.mod_tweak.malilib.fastSwitchMasaConfigGui.FastMasaGuiSwitcher.lambda$init$1(FastMasaGuiSwitcher.java:121)
	at knot//com.plusls.MasaGadget.impl.mod_tweak.malilib.fastSwitchMasaConfigGui.FastMasaGuiSwitcher.lambda$init$0(FastMasaGuiSwitcher.java:146)
	at java.base/java.util.ArrayList.forEach(ArrayList.java:1604)
	at knot//com.plusls.MasaGadget.impl.mod_tweak.malilib.fastSwitchMasaConfigGui.FastMasaGuiSwitcher.init(FastMasaGuiSwitcher.java:106)
	at knot//com.plusls.MasaGadget.MasaGadgetMod.postInit(MasaGadgetMod.java:32)
	at java.base/java.util.ArrayList.forEach(ArrayList.java:1604)
	at knot//top.hendrixshen.magiclib.impl.event.minecraft.MinecraftEvent$PostInitEvent.dispatch(MinecraftEvent.java:14)
	at knot//top.hendrixshen.magiclib.impl.event.EventManager.dispatchImpl(EventManager.java:49)
	at knot//top.hendrixshen.magiclib.impl.event.EventManager.dispatch(EventManager.java:34)
	at knot//net.minecraft.client.Minecraft.handler$hdk005$magiclib_minecraft_api$postInit(Minecraft.java:29145)
	at knot//net.minecraft.client.Minecraft.<init>(Minecraft.java:786)
	at java.base/java.lang.Thread.run(Thread.java:1474)
Caused by: java.lang.reflect.InvocationTargetException
	at java.base/jdk.internal.reflect.DirectMethodHandleAccessor.invoke(DirectMethodHandleAccessor.java:116)
	at java.base/java.lang.reflect.Method.invoke(Method.java:565)
	at knot//com.plusls.MasaGadget.impl.mod_tweak.malilib.fastSwitchMasaConfigGui.FastMasaGuiSwitcher.lambda$init$1(FastMasaGuiSwitcher.java:119)
	... 11 more
Caused by: java.lang.NullPointerException: Cannot invoke "com.viaversion.viafabricplus.screen.ScreensImpl.viaFabricPlusScreen()" because the return value of "com.viaversion.viafabricplus.ViaFabricPlusImpl.screens()" is null
	at knot//com.viaversion.viafabricplus.util.ModMenuScreenFactory.lambda$getModConfigScreenFactory$0(ModMenuScreenFactory.java:32)
	at java.base/jdk.internal.reflect.DirectMethodHandleAccessor.invoke(DirectMethodHandleAccessor.java:104)
	... 13 more
[14:16:34] [Render thread/INFO]: Cached all modded block culling states
[14:16:35] [Worker-ResourceReload-1/WARN]: Texture minecraft:block/sculk_sensor_tendril_active with size 8x8 limits mip level from 4 to 3
[14:16:35] [Worker-ResourceReload-1/WARN]: minecraft:textures/atlas/blocks.png: dropping miplevel from 4 to 3, because of minimum power of two: 8
[14:16:37] [Render thread/INFO]: Start loading plugin from Jade: snownee.jade.addon.core.CorePlugin
[14:16:37] [Render thread/INFO]: Start loading plugin from Jade: snownee.jade.addon.vanilla.VanillaPlugin
[14:16:37] [Render thread/INFO]: Start loading plugin from Jade: snownee.jade.addon.universal.UniversalPlugin
[14:16:37] [Render thread/INFO]: Start loading plugin from Jade: snownee.jade.addon.access.AccessibilityPlugin
[14:16:37] [Render thread/INFO]: Start loading plugin from Jade: snownee.jade.addon.debug.DebugPlugin
[14:16:37] [Render thread/INFO]: [Ok Zoomer] $w$ what's this
[14:16:37] [Render thread/INFO]: Loading Xaero's World Map - Stage 2/3
[14:16:37] [Render thread/INFO]: Registered player tracker system: map_synced
[14:16:37] [Render thread/INFO]: Xaero's WorldMap Mod: Xaero's minimap found!
[14:16:37] [Render thread/INFO]: Registered player tracker system: minimap_synced
[14:16:37] [Render thread/INFO]: No Optifine!
[14:16:37] [Render thread/INFO]: Xaero's World Map: No Vivecraft!
[14:16:37] [Render thread/INFO]: Xaero's World Map: Iris found!
[14:16:37] [Render thread/INFO]: Loading Xaero's World Map - Stage 3/3
[14:16:37] [Render thread/INFO]: New world map region cache hash code: -806897316
[14:16:38] [Render thread/INFO]: Loading Xaero's Minimap - Stage 2/3
[14:16:38] [Render thread/INFO]: Registered player tracker system: minimap_synced
[14:16:38] [Render thread/INFO]: Loading Xaero's Minimap - Stage 3/3
[14:16:40] [Worker-ResourceReload-0/WARN]: Missing textures in model minecraft:item/waxed_exposed_copper_golem_statue:
    minecraft:block/exposed_copper_block
[14:16:40] [Worker-ResourceReload-0/WARN]: Missing textures in model minecraft:item/waxed_exposed_copper_golem_statue_star:
    minecraft:block/exposed_copper_block
[14:16:40] [Worker-ResourceReload-0/WARN]: Missing textures in model minecraft:item/waxed_exposed_copper_golem_statue_running:
    minecraft:block/exposed_copper_block
[14:16:40] [Worker-ResourceReload-0/WARN]: Missing textures in model minecraft:item/waxed_oxidized_copper_golem_statue_star:
    minecraft:block/oxidized_copper_block
[14:16:40] [Worker-ResourceReload-0/WARN]: Missing textures in model minecraft:item/waxed_weathered_copper_golem_statue_sitting:
    minecraft:block/weathered_copper_block
[14:16:40] [Worker-ResourceReload-0/WARN]: Missing textures in model minecraft:item/waxed_weathered_copper_golem_statue_running:
    minecraft:block/weathered_copper_block
[14:16:40] [Worker-ResourceReload-0/WARN]: Missing textures in model minecraft:item/waxed_oxidized_copper_golem_statue:
    minecraft:block/oxidized_copper_block
[14:16:40] [Worker-ResourceReload-0/WARN]: Missing textures in model minecraft:item/waxed_exposed_copper_golem_statue_sitting:
    minecraft:block/exposed_copper_block
[14:16:40] [Worker-ResourceReload-0/WARN]: Missing textures in model minecraft:item/waxed_weathered_copper_golem_statue:
    minecraft:block/weathered_copper_block
[14:16:40] [Worker-ResourceReload-0/WARN]: Missing textures in model minecraft:item/waxed_weathered_copper_golem_statue_star:
    minecraft:block/weathered_copper_block
[14:16:40] [Worker-ResourceReload-0/WARN]: Missing textures in model minecraft:item/waxed_oxidized_copper_golem_statue_sitting:
    minecraft:block/oxidized_copper_block
[14:16:40] [Worker-ResourceReload-0/WARN]: Missing textures in model minecraft:item/waxed_oxidized_copper_golem_statue_running:
    minecraft:block/oxidized_copper_block
[14:16:40] [Worker-ResourceReload-0/WARN]: Missing texture references in model minecraft:item/zombie_nautilus_spawn_egg:
    particle
[14:16:40] [Worker-ResourceReload-0/WARN]: Missing texture references in model minecraft:block/chiseled_bookshelf_occupied_slot_bottom_right:
    particle
[14:16:40] [Worker-ResourceReload-0/WARN]: Missing texture references in model minecraft:item/sulfur_cube_spawn_egg:
    particle
[14:16:40] [Worker-ResourceReload-0/WARN]: Missing texture references in model minecraft:block/structure_void:
    particle
[14:16:40] [Worker-ResourceReload-0/WARN]: Missing texture references in model minecraft:block/chiseled_bookshelf_occupied_slot_top_left:
    particle
[14:16:40] [Worker-ResourceReload-0/WARN]: Missing texture references in model minecraft:item/nautilus_spawn_egg:
    particle
[14:16:40] [Worker-ResourceReload-0/WARN]: Missing texture references in model minecraft:block/chiseled_bookshelf_empty_slot_top_right:
    particle
[14:16:40] [Worker-ResourceReload-0/WARN]: Missing texture references in model minecraft:block/chiseled_bookshelf_occupied_slot_bottom_mid:
    particle
[14:16:40] [Worker-ResourceReload-0/WARN]: Missing texture references in model minecraft:block/chiseled_bookshelf_occupied_slot_top_mid:
    particle
[14:16:40] [Worker-ResourceReload-0/WARN]: Missing texture references in model minecraft:block/chiseled_bookshelf_empty_slot_top_mid:
    particle
[14:16:40] [Worker-ResourceReload-0/WARN]: Missing texture references in model minecraft:block/moving_piston:
    particle
[14:16:40] [Worker-ResourceReload-0/WARN]: Missing texture references in model minecraft:block/chiseled_bookshelf_empty_slot_bottom_mid:
    particle
[14:16:40] [Worker-ResourceReload-0/WARN]: Missing texture references in model minecraft:block/chiseled_bookshelf_occupied_slot_bottom_left:
    particle
[14:16:40] [Worker-ResourceReload-0/WARN]: Missing texture references in model minecraft:item/copper_golem_spawn_egg:
    particle
[14:16:40] [Worker-ResourceReload-0/WARN]: Missing texture references in model minecraft:item/parched_spawn_egg:
    particle
[14:16:40] [Worker-ResourceReload-0/WARN]: Missing texture references in model minecraft:block/chiseled_bookshelf_occupied_slot_top_right:
    particle
[14:16:40] [Worker-ResourceReload-0/WARN]: Missing texture references in model minecraft:block/chiseled_bookshelf_empty_slot_bottom_left:
    particle
[14:16:40] [Worker-ResourceReload-0/WARN]: Missing texture references in model minecraft:block/chiseled_bookshelf_empty_slot_top_left:
    particle
[14:16:40] [Worker-ResourceReload-0/WARN]: Missing texture references in model minecraft:block/redstone_dust_up:
    particle
[14:16:40] [Worker-ResourceReload-0/WARN]: Missing texture references in model minecraft:item/happy_ghast_spawn_egg:
    particle
[14:16:40] [Worker-ResourceReload-0/WARN]: Missing texture references in model minecraft:block/chiseled_bookshelf_empty_slot_bottom_right:
    particle
[14:16:40] [Worker-ResourceReload-0/WARN]: Missing texture references in model minecraft:item/camel_husk_spawn_egg:
    particle
[14:16:44] [Render thread/WARN]: Invalid path in datapack: minecraft:models/block/pressure_plate_down x.json, ignoring
[14:16:45] [Render thread/INFO]: Loading XaeroLib common 2/2!
[14:16:45] [Render thread/INFO]: Loading XaeroLib client 2/3!
[14:16:45] [Render thread/INFO]: Loading XaeroLib client 3/3!
[14:16:45] [Render thread/INFO]: Thread[#57,Render thread,5,main]
[14:16:45] [Render thread/INFO]: OpenGL Vendor: NVIDIA Corporation
[14:16:45] [Render thread/INFO]: OpenGL Renderer: NVIDIA GeForce GT 720/PCIe/SSE2
[14:16:45] [Render thread/INFO]: OpenGL Version: 3.3.0 NVIDIA 475.14
[14:16:45] [Render thread/INFO]: Modifying OpenGL context to apply workarounds for the NVIDIA graphics driver...
[14:16:45] [Render thread/INFO]: Enabling GL_DEBUG_OUTPUT_SYNCHRONOUS to force the NVIDIA driver to disable threaded command submission
[14:16:45] [Render thread/ERROR]: Failed to unpack file/FA+Player-v1.1.zip.
[14:16:46] [Render thread/INFO]: OpenAL initialized on device OpenAL Soft on 扬声器 (High Definition Audio Device)
[14:16:46] [Render thread/INFO]: Sound engine started
[14:16:46] [Render thread/INFO]: Created: 512x256x0 minecraft:textures/atlas/particles.png-atlas
[14:16:46] [Render thread/INFO]: Created: 128x128x0 minecraft:textures/atlas/decorated_pot.png-atlas
[14:16:46] [Render thread/INFO]: Created: 2048x1024x0 minecraft:textures/atlas/armor_trims.png-atlas
[14:16:46] [Render thread/INFO]: Created: 512x256x0 minecraft:textures/atlas/paintings.png-atlas
[14:16:46] [Render thread/INFO]: Created: 1024x512x0 minecraft:textures/atlas/shield_patterns.png-atlas
[14:16:46] [Render thread/INFO]: Created: 2048x2048x3 minecraft:textures/atlas/blocks.png-atlas
[14:16:46] [Render thread/INFO]: Created: 512x512x0 minecraft:textures/atlas/chest.png-atlas
[14:16:46] [Render thread/INFO]: Created: 256x128x0 minecraft:textures/atlas/celestials.png-atlas
[14:16:47] [Render thread/INFO]: Created: 1024x512x0 minecraft:textures/atlas/banner_patterns.png-atlas
[14:16:47] [Render thread/INFO]: Created: 1024x512x0 minecraft:textures/atlas/items.png-atlas
[14:16:47] [Render thread/INFO]: Created: 2048x1024x0 minecraft:textures/atlas/gui.png-atlas
[14:16:47] [Render thread/INFO]: Created: 128x64x0 minecraft:textures/atlas/map_decorations.png-atlas
[14:16:47] [Render thread/INFO]: Created: 512x512x0 minecraft:textures/atlas/shulker_boxes.png-atlas
[14:16:47] [Render thread/INFO]: Font 'Noto Sans' failed to load or invalid
[14:16:47] [Render thread/INFO]: Font 'Segoe UI Variable' failed to load or invalid
[14:16:47] [Render thread/INFO]: Font 'San Francisco' failed to load or invalid
[14:16:47] [Render thread/INFO]: Font 'Open Sans' failed to load or invalid
[14:16:47] [Render thread/INFO]: Font 'STHeiti' failed to load or invalid
[14:16:47] [Render thread/INFO]: Reloaded typeface: FontCollection{mFamilies=[Google Noto Color Emoji, Inter Frozen Medium, Source Han Sans CN Medium, Segoe UI, SimHei, Segoe UI Symbol, mui-i18n-compat], mExclusiveEastAsianBits=null}
[14:16:47] [Render thread/INFO]: Reloaded glyph manager
[14:16:47] [Render thread/INFO]: Reloaded text layout engine, res level: 2 to 2, locale: zh_CN, layout RTL: false
[14:16:48] [ForkJoinPool.commonPool-worker-3/INFO]: Localization update count: remote=52381, last=52381
[14:16:51] [Render thread/WARN]: Invalid path in datapack: minecraft:models/block/pressure_plate_down x.json, ignoring
[14:16:52] [Render thread/INFO]: Transformed net/minecraft/client/renderer/entity/layers/CapeLayer with [customskinloader:render-patch]
[14:16:52] [Render thread/INFO]: Transformed Fabric target net.minecraft.client.renderer.entity.layers.CapeLayer with [customskinloader:render-patch]
[14:16:53] [Render thread/INFO]: [ETF]: emissive suffixes loaded: [_e]
[14:16:55] [Render thread/INFO]: 32932 cache(s) were cleared!
[14:16:59] [Render thread/WARN]: Invalid path in datapack: minecraft:models/block/pressure_plate_down x.json, ignoring
[14:16:59] [Render thread/INFO]: Geometry registry populated! Task successfully completed
[14:16:59] [Render thread/INFO]: [ETF]: reloading ETF data.
[14:16:59] [Render thread/INFO]: [ETF]: emissive suffixes loaded: [_e]
[14:17:00] [Render thread/INFO]: Creating pipeline for dimension minecraft:overworld
[14:17:00] [Render thread/ERROR]: Error saving option 亮度: Value 16.0 outside of range [0.0:1.0]
[14:17:00] [Render thread/INFO]: BlockModelCacheSchematic: refreshing model cache
[14:17:00] [Render thread/INFO]: Using DearImGui config: config\axiom\imgui.ini
[14:17:00] [Render thread/INFO]: Reloaded text layout engine, res level: 2 to 2, locale: zh_CN, layout RTL: false
[14:17:04] [Render thread/WARN]: Invalid path in datapack: minecraft:models/block/pressure_plate_down x.json, ignoring
[14:17:05] [Render thread/WARN]: modernui:pipeline/modern_text_gui_normal shader program does not use sampler Sampler2 defined in the pipeline. This might be a bug.
[14:17:05] [Render thread/WARN]: modernui:pipeline/modern_text_gui_sdf shader program does not use sampler Sampler2 defined in the pipeline. This might be a bug.
[14:17:09] [IAS/INFO]: Transformed net/minecraft/client/resources/SkinManager$CacheKey with [customskinloader:skin-manager-patch]
[14:17:09] [IAS/INFO]: Transformed Fabric target net.minecraft.client.resources.SkinManager$CacheKey with [customskinloader:skin-manager-patch]
[14:17:11] [Render thread/INFO]: Resizing Dynamic Transforms UBO, capacity limit of 2 reached during a single frame. New capacity will be 4.
[14:17:30] [Render thread/INFO]: IAS: Locating Yggdrasil server 'https://littleskin.cn/api/yggdrasil'...
[14:17:30] [IAS/INFO]: IAS: Authenticating with 'YggdrasilServer{apiRoot='https://littleskin.cn/api/yggdrasil/', name='LittleSkin', nonEmailLogin=false}'...
[14:17:31] [IAS/INFO]: IAS: Encrypting tokens...
[14:17:31] [Render thread/INFO]: Reloaded text layout engine, res level: 2 to 3, locale: zh_CN, layout RTL: false
[14:17:33] [IAS/INFO]: IAS: Successfully added YggdrasilSession{accessToken=[TOKEN], clientToken=[TOKEN], uuid=c52bd655-f0d5-40ea-b139-ed3875313445, name='fsdfsc'}
[14:17:33] [Render thread/WARN]: IAS: Unable to load skin: AccountEntry{account=YggdrasilAccount{server='https://littleskin.cn/api/yggdrasil/', uuid=c52bd655-f0d5-40ea-b139-ed3875313445, name='fsdfsc', data='[DATA]'}}
java.util.concurrent.CompletionException: java.lang.NullPointerException: Cannot invoke "java.util.Optional.ifPresent(java.util.function.Consumer)" because "loaded" is null
	at java.base/java.util.concurrent.CompletableFuture.wrapInCompletionException(CompletableFuture.java:323)
	at java.base/java.util.concurrent.CompletableFuture.encodeThrowable(CompletableFuture.java:359)
	at java.base/java.util.concurrent.CompletableFuture.completeThrowable(CompletableFuture.java:364)
	at java.base/java.util.concurrent.CompletableFuture$UniAccept.tryFire(CompletableFuture.java:743)
	at java.base/java.util.concurrent.CompletableFuture$Completion.run(CompletableFuture.java:503)
	at knot//net.minecraft.util.thread.BlockableEventLoop.doRunTask(BlockableEventLoop.java:173)
	at knot//net.minecraft.util.thread.ReentrantBlockableEventLoop.mixinextras$bridge$doRunTask$5(ReentrantBlockableEventLoop.java)
	at knot//net.minecraft.util.thread.ReentrantBlockableEventLoop.wrapOperation$dej000$carpet-tis-addition$yeetUpdateSuppressionCrash_implForThreadExecutorTaskExecuting(ReentrantBlockableEventLoop.java:578)
	at knot//net.minecraft.util.thread.ReentrantBlockableEventLoop.doRunTask(ReentrantBlockableEventLoop.java:23)
	at knot//net.minecraft.util.thread.BlockableEventLoop.pollTask(BlockableEventLoop.java:147)
	at knot//net.minecraft.util.thread.BlockableEventLoop.runAllTasks(BlockableEventLoop.java:127)
	at knot//net.minecraft.client.Minecraft.runTick(Minecraft.java:1235)
	at knot//net.minecraft.client.Minecraft.run(Minecraft.java:959)
	at java.base/java.lang.Thread.run(Thread.java:1474)
Caused by: java.lang.NullPointerException: Cannot invoke "java.util.Optional.ifPresent(java.util.function.Consumer)" because "loaded" is null
	at knot//ru.vidtu.ias.screen.AccountList.lambda$skin$2(AccountList.java:338)
	at java.base/java.util.concurrent.CompletableFuture$UniAccept.tryFire(CompletableFuture.java:739)
	... 10 more
[14:18:24] [Render thread/INFO]: IAS: Locating Yggdrasil server 'https://littleskin.cn/api/yggdrasil'...
[14:18:24] [IAS/INFO]: IAS: Authenticating with 'YggdrasilServer{apiRoot='https://littleskin.cn/api/yggdrasil/', name='LittleSkin', nonEmailLogin=false}'...
[14:18:25] [IAS/INFO]: IAS: Encrypting tokens...
[14:18:27] [IAS/INFO]: IAS: Successfully added YggdrasilSession{accessToken=[TOKEN], clientToken=[TOKEN], uuid=c52bd655-f0d5-40ea-b139-ed3875313445, name='fsdfsc'}
[14:19:17] [IAS/INFO]: IAS: Logging (Yggdrasil) as c52bd655-f0d5-40ea-b139-ed3875313445/fsdfsc at https://littleskin.cn/api/yggdrasil/
[14:19:43] [Render thread/INFO]: IAS: Locating Yggdrasil server 'https://littleskin.cn/api/yggdrasil'...
[14:19:43] [IAS/INFO]: IAS: Authenticating with 'YggdrasilServer{apiRoot='https://littleskin.cn/api/yggdrasil/', name='LittleSkin', nonEmailLogin=false}'...
[14:19:43] [IAS/ERROR]: IAS: Create error.
java.lang.RuntimeException: Unable to create a Yggdrasil account.
	at knot//ru.vidtu.ias.auth.yggdrasil.YggdrasilCreate.lambda$create$2(YggdrasilCreate.java:116)
	at java.base/java.util.concurrent.CompletableFuture.uniExceptionally(CompletableFuture.java:1011)
	at java.base/java.util.concurrent.CompletableFuture$UniExceptionally.tryFire(CompletableFuture.java:995)
	at java.base/java.util.concurrent.CompletableFuture$Completion.run(CompletableFuture.java:503)
	at java.base/java.util.concurrent.Executors$RunnableAdapter.call(Executors.java:545)
	at java.base/java.util.concurrent.FutureTask.run(FutureTask.java:328)
	at java.base/java.util.concurrent.ScheduledThreadPoolExecutor$ScheduledFutureTask.run(ScheduledThreadPoolExecutor.java:309)
	at java.base/java.util.concurrent.ThreadPoolExecutor.runWorker(ThreadPoolExecutor.java:1090)
	at java.base/java.util.concurrent.ThreadPoolExecutor$Worker.run(ThreadPoolExecutor.java:614)
	at java.base/java.lang.Thread.run(Thread.java:1474)
Caused by: java.util.concurrent.CompletionException: java.lang.RuntimeException: Unable to authenticate with 'YggdrasilServer{apiRoot='https://littleskin.cn/api/yggdrasil/', name='LittleSkin', nonEmailLogin=false}' ((POST https://littleskin.cn/api/yggdrasil/authserver/authenticate) 200 with java.net.http.HttpHeaders@ecd14386 { {:status=[200], content-length=[1374], content-type=[application/json; charset=utf-8], date=[Thu, 01 Oct 2026 06:19:40 GMT], etag=[W/"55e-tCoVcMwXi+A/Gu1u3PiaTSISgH8"], ohc-cache-hit=[qd12ct57 [1], czix57 [1]], ohc-file-size=[1374], server=[nginx], strict-transport-security=[max-age=63072000; includeSubDomains], x-cache-status=[MISS], x-powered-by=[Express], x-ratelimit-limit=[60], x-ratelimit-remaining=[59], x-ratelimit-reset=[60], x-yggdralt-req-id=[363932966990221312]} }): {"accessToken":"eyJhbGciOiJSUzI1NiIsInR5cCI6IkpXVCIsImtpZCI6Ijlvc3R5V1VzLXBPempUdmNkQXB2Sjl5Qk1NMF9DNUlkYnlPc3RsUmlaWE0ifQ.eyJqdGkiOiI1NWYyOTFiYS0wYmYwLTQ0NTctOTU0NS05YzQ0MWM2NmJiYmMiLCJzdWIiOiI1NzYxOTgiLCJhdWQiOiI4NjUiLCJuYmYiOjE3OTA4MzU1ODAsImV4cCI6MTc5MTA5NDc4MCwic2NvcGVzIjpbIllnZ2RyYXNpbC5QbGF5ZXJQcm9maWxlcy5TZWxlY3QiLCJZZ2dkcmFzaWwuU2VydmVyLkpvaW4iXSwic2VsZWN0ZWRQcm9maWxlIjpudWxsLCJpYXQiOjE3OTA4MzU1ODAsImlzcyI6IllnZ2RyYXNpbCBDb25uZWN0In0.JMCT-3NxsdwlMkX1YsKCWuHWFvBl0Ij12-IyrE2omJ_BOV_GwUz4Ow3hMunZY5DUh9jX6YheQsF0-RLPGd_kjdM_UsLGfktzWe46Yn-D47PdvoAc-pYD39fHl9tJE6hoXv4EvtCM5pavm9xs261cZS6iTRC27lGUqZTCWShTlYLV6RvX9LPoLbHpxg4kDdhfUSE5fbtPNyukpMXFygqCMwcPoToORwQDRHKYKYOw1i6e7PtBjfClj-W7ztWI8uYHOjnRWWbkHDDBttzHkRdElXRqBrK5KvkOTKQH5dwcqxJfJJeZQkI7JVahNKbBYiP71w705qoFVx-k2EwAFt97oyyEj8RPkF3jufBoA04ST7VvGGuU4WOHT1CbmPJ5AE_m2vZnhyr9M3kEKwJrIZvdVwoVzmRzW0P0sOt19OvpbbWIKuuLGzdyiVJAJft-ALb3FrcV_-WJhoHE3i2cP6zt3N3DGzmrj_6ThvBl2gLXXsR5YX7uUvS4XQ359k6KVg_VXgoUCVss8VOydDeKz2GdOhjNk6Pqty6C-J0v27lD6W-Eer_26HRBEK9Pertc4Sj3e0_K553Nng3hPmPRKQj-pjGLoZwsF8XRhawilXgU46MVhf3YLlojHCg7UH8NduBySQwGOMC7cihLhudBV976kmIJLw5kfGn5wghrn368ZCg","clientToken":"505baff2-1e90-4e1a-bdeb-da9dd5158a2e","availableProfiles":[{"id":"3cbaf379935a44cda4b10943a04727ae","name":"Su_nanxu"},{"id":"c52bd655f0d540eab139ed3875313445","name":"fsdfsc"}],"user":{"id":"937a964e68cd551f95bbfc7a1a0136ad"}}
	at java.base/java.util.concurrent.CompletableFuture.wrapInCompletionException(CompletableFuture.java:323)
	at java.base/java.util.concurrent.CompletableFuture.encodeThrowable(CompletableFuture.java:359)
	at java.base/java.util.concurrent.CompletableFuture.completeThrowable(CompletableFuture.java:364)
	at java.base/java.util.concurrent.CompletableFuture$UniApply.tryFire(CompletableFuture.java:670)
	... 7 more
Caused by: java.lang.RuntimeException: Unable to authenticate with 'YggdrasilServer{apiRoot='https://littleskin.cn/api/yggdrasil/', name='LittleSkin', nonEmailLogin=false}' ((POST https://littleskin.cn/api/yggdrasil/authserver/authenticate) 200 with java.net.http.HttpHeaders@ecd14386 { {:status=[200], content-length=[1374], content-type=[application/json; charset=utf-8], date=[Thu, 01 Oct 2026 06:19:40 GMT], etag=[W/"55e-tCoVcMwXi+A/Gu1u3PiaTSISgH8"], ohc-cache-hit=[qd12ct57 [1], czix57 [1]], ohc-file-size=[1374], server=[nginx], strict-transport-security=[max-age=63072000; includeSubDomains], x-cache-status=[MISS], x-powered-by=[Express], x-ratelimit-limit=[60], x-ratelimit-remaining=[59], x-ratelimit-reset=[60], x-yggdralt-req-id=[363932966990221312]} }): {"accessToken":"eyJhbGciOiJSUzI1NiIsInR5cCI6IkpXVCIsImtpZCI6Ijlvc3R5V1VzLXBPempUdmNkQXB2Sjl5Qk1NMF9DNUlkYnlPc3RsUmlaWE0ifQ.eyJqdGkiOiI1NWYyOTFiYS0wYmYwLTQ0NTctOTU0NS05YzQ0MWM2NmJiYmMiLCJzdWIiOiI1NzYxOTgiLCJhdWQiOiI4NjUiLCJuYmYiOjE3OTA4MzU1ODAsImV4cCI6MTc5MTA5NDc4MCwic2NvcGVzIjpbIllnZ2RyYXNpbC5QbGF5ZXJQcm9maWxlcy5TZWxlY3QiLCJZZ2dkcmFzaWwuU2VydmVyLkpvaW4iXSwic2VsZWN0ZWRQcm9maWxlIjpudWxsLCJpYXQiOjE3OTA4MzU1ODAsImlzcyI6IllnZ2RyYXNpbCBDb25uZWN0In0.JMCT-3NxsdwlMkX1YsKCWuHWFvBl0Ij12-IyrE2omJ_BOV_GwUz4Ow3hMunZY5DUh9jX6YheQsF0-RLPGd_kjdM_UsLGfktzWe46Yn-D47PdvoAc-pYD39fHl9tJE6hoXv4EvtCM5pavm9xs261cZS6iTRC27lGUqZTCWShTlYLV6RvX9LPoLbHpxg4kDdhfUSE5fbtPNyukpMXFygqCMwcPoToORwQDRHKYKYOw1i6e7PtBjfClj-W7ztWI8uYHOjnRWWbkHDDBttzHkRdElXRqBrK5KvkOTKQH5dwcqxJfJJeZQkI7JVahNKbBYiP71w705qoFVx-k2EwAFt97oyyEj8RPkF3jufBoA04ST7VvGGuU4WOHT1CbmPJ5AE_m2vZnhyr9M3kEKwJrIZvdVwoVzmRzW0P0sOt19OvpbbWIKuuLGzdyiVJAJft-ALb3FrcV_-WJhoHE3i2cP6zt3N3DGzmrj_6ThvBl2gLXXsR5YX7uUvS4XQ359k6KVg_VXgoUCVss8VOydDeKz2GdOhjNk6Pqty6C-J0v27lD6W-Eer_26HRBEK9Pertc4Sj3e0_K553Nng3hPmPRKQj-pjGLoZwsF8XRhawilXgU46MVhf3YLlojHCg7UH8NduBySQwGOMC7cihLhudBV976kmIJLw5kfGn5wghrn368ZCg","clientToken":"505baff2-1e90-4e1a-bdeb-da9dd5158a2e","availableProfiles":[{"id":"3cbaf379935a44cda4b10943a04727ae","name":"Su_nanxu"},{"id":"c52bd655f0d540eab139ed3875313445","name":"fsdfsc"}],"user":{"id":"937a964e68cd551f95bbfc7a1a0136ad"}}
	at knot//ru.vidtu.ias.auth.yggdrasil.YggdrasilAuth.lambda$authenticate$0(YggdrasilAuth.java:285)
	at java.base/java.util.concurrent.CompletableFuture$UniApply.tryFire(CompletableFuture.java:667)
	... 7 more
Caused by: com.google.gson.JsonParseException: Unable to parse YggdrasilSession: {"accessToken":"eyJhbGciOiJSUzI1NiIsInR5cCI6IkpXVCIsImtpZCI6Ijlvc3R5V1VzLXBPempUdmNkQXB2Sjl5Qk1NMF9DNUlkYnlPc3RsUmlaWE0ifQ.eyJqdGkiOiI1NWYyOTFiYS0wYmYwLTQ0NTctOTU0NS05YzQ0MWM2NmJiYmMiLCJzdWIiOiI1NzYxOTgiLCJhdWQiOiI4NjUiLCJuYmYiOjE3OTA4MzU1ODAsImV4cCI6MTc5MTA5NDc4MCwic2NvcGVzIjpbIllnZ2RyYXNpbC5QbGF5ZXJQcm9maWxlcy5TZWxlY3QiLCJZZ2dkcmFzaWwuU2VydmVyLkpvaW4iXSwic2VsZWN0ZWRQcm9maWxlIjpudWxsLCJpYXQiOjE3OTA4MzU1ODAsImlzcyI6IllnZ2RyYXNpbCBDb25uZWN0In0.JMCT-3NxsdwlMkX1YsKCWuHWFvBl0Ij12-IyrE2omJ_BOV_GwUz4Ow3hMunZY5DUh9jX6YheQsF0-RLPGd_kjdM_UsLGfktzWe46Yn-D47PdvoAc-pYD39fHl9tJE6hoXv4EvtCM5pavm9xs261cZS6iTRC27lGUqZTCWShTlYLV6RvX9LPoLbHpxg4kDdhfUSE5fbtPNyukpMXFygqCMwcPoToORwQDRHKYKYOw1i6e7PtBjfClj-W7ztWI8uYHOjnRWWbkHDDBttzHkRdElXRqBrK5KvkOTKQH5dwcqxJfJJeZQkI7JVahNKbBYiP71w705qoFVx-k2EwAFt97oyyEj8RPkF3jufBoA04ST7VvGGuU4WOHT1CbmPJ5AE_m2vZnhyr9M3kEKwJrIZvdVwoVzmRzW0P0sOt19OvpbbWIKuuLGzdyiVJAJft-ALb3FrcV_-WJhoHE3i2cP6zt3N3DGzmrj_6ThvBl2gLXXsR5YX7uUvS4XQ359k6KVg_VXgoUCVss8VOydDeKz2GdOhjNk6Pqty6C-J0v27lD6W-Eer_26HRBEK9Pertc4Sj3e0_K553Nng3hPmPRKQj-pjGLoZwsF8XRhawilXgU46MVhf3YLlojHCg7UH8NduBySQwGOMC7cihLhudBV976kmIJLw5kfGn5wghrn368ZCg","clientToken":"505baff2-1e90-4e1a-bdeb-da9dd5158a2e","availableProfiles":[{"id":"3cbaf379935a44cda4b10943a04727ae","name":"Su_nanxu"},{"id":"c52bd655f0d540eab139ed3875313445","name":"fsdfsc"}],"user":{"id":"937a964e68cd551f95bbfc7a1a0136ad"}}
	at knot//ru.vidtu.ias.auth.yggdrasil.YggdrasilSession.fromJson(YggdrasilSession.java:66)
	at knot//ru.vidtu.ias.auth.yggdrasil.YggdrasilAuth.lambda$authenticate$0(YggdrasilAuth.java:280)
	... 8 more
Caused by: com.google.gson.JsonParseException: Expected to have object 'selectedProfile': {"accessToken":"eyJhbGciOiJSUzI1NiIsInR5cCI6IkpXVCIsImtpZCI6Ijlvc3R5V1VzLXBPempUdmNkQXB2Sjl5Qk1NMF9DNUlkYnlPc3RsUmlaWE0ifQ.eyJqdGkiOiI1NWYyOTFiYS0wYmYwLTQ0NTctOTU0NS05YzQ0MWM2NmJiYmMiLCJzdWIiOiI1NzYxOTgiLCJhdWQiOiI4NjUiLCJuYmYiOjE3OTA4MzU1ODAsImV4cCI6MTc5MTA5NDc4MCwic2NvcGVzIjpbIllnZ2RyYXNpbC5QbGF5ZXJQcm9maWxlcy5TZWxlY3QiLCJZZ2dkcmFzaWwuU2VydmVyLkpvaW4iXSwic2VsZWN0ZWRQcm9maWxlIjpudWxsLCJpYXQiOjE3OTA4MzU1ODAsImlzcyI6IllnZ2RyYXNpbCBDb25uZWN0In0.JMCT-3NxsdwlMkX1YsKCWuHWFvBl0Ij12-IyrE2omJ_BOV_GwUz4Ow3hMunZY5DUh9jX6YheQsF0-RLPGd_kjdM_UsLGfktzWe46Yn-D47PdvoAc-pYD39fHl9tJE6hoXv4EvtCM5pavm9xs261cZS6iTRC27lGUqZTCWShTlYLV6RvX9LPoLbHpxg4kDdhfUSE5fbtPNyukpMXFygqCMwcPoToORwQDRHKYKYOw1i6e7PtBjfClj-W7ztWI8uYHOjnRWWbkHDDBttzHkRdElXRqBrK5KvkOTKQH5dwcqxJfJJeZQkI7JVahNKbBYiP71w705qoFVx-k2EwAFt97oyyEj8RPkF3jufBoA04ST7VvGGuU4WOHT1CbmPJ5AE_m2vZnhyr9M3kEKwJrIZvdVwoVzmRzW0P0sOt19OvpbbWIKuuLGzdyiVJAJft-ALb3FrcV_-WJhoHE3i2cP6zt3N3DGzmrj_6ThvBl2gLXXsR5YX7uUvS4XQ359k6KVg_VXgoUCVss8VOydDeKz2GdOhjNk6Pqty6C-J0v27lD6W-Eer_26HRBEK9Pertc4Sj3e0_K553Nng3hPmPRKQj-pjGLoZwsF8XRhawilXgU46MVhf3YLlojHCg7UH8NduBySQwGOMC7cihLhudBV976kmIJLw5kfGn5wghrn368ZCg","clientToken":"505baff2-1e90-4e1a-bdeb-da9dd5158a2e","availableProfiles":[{"id":"3cbaf379935a44cda4b10943a04727ae","name":"Su_nanxu"},{"id":"c52bd655f0d540eab139ed3875313445","name":"fsdfsc"}],"user":{"id":"937a964e68cd551f95bbfc7a1a0136ad"}}
	at knot//ru.vidtu.ias.utils.GSONUtils.getObjectOrThrow(GSONUtils.java:134)
	at knot//ru.vidtu.ias.auth.yggdrasil.YggdrasilSession.fromJson(YggdrasilSession.java:60)
	... 9 more
Caused by: java.lang.NullPointerException: Cannot invoke "com.google.gson.JsonElement.getAsJsonObject()" because the return value of "com.google.gson.JsonObject.get(String)" is null
	at knot//ru.vidtu.ias.utils.GSONUtils.getObjectOrThrow(GSONUtils.java:132)
	... 10 more
[14:19:49] [Render thread/INFO]: IAS: Locating Yggdrasil server 'https://littleskin.cn/api/yggdrasil'...
[14:19:50] [IAS/INFO]: IAS: Authenticating with 'YggdrasilServer{apiRoot='https://littleskin.cn/api/yggdrasil/', name='LittleSkin', nonEmailLogin=false}'...
[14:19:50] [IAS/ERROR]: IAS: Create error.
java.lang.RuntimeException: Unable to create a Yggdrasil account.
	at knot//ru.vidtu.ias.auth.yggdrasil.YggdrasilCreate.lambda$create$2(YggdrasilCreate.java:116)
	at java.base/java.util.concurrent.CompletableFuture.uniExceptionally(CompletableFuture.java:1011)
	at java.base/java.util.concurrent.CompletableFuture$UniExceptionally.tryFire(CompletableFuture.java:995)
	at java.base/java.util.concurrent.CompletableFuture$Completion.run(CompletableFuture.java:503)
	at java.base/java.util.concurrent.Executors$RunnableAdapter.call(Executors.java:545)
	at java.base/java.util.concurrent.FutureTask.run(FutureTask.java:328)
	at java.base/java.util.concurrent.ScheduledThreadPoolExecutor$ScheduledFutureTask.run(ScheduledThreadPoolExecutor.java:309)
	at java.base/java.util.concurrent.ThreadPoolExecutor.runWorker(ThreadPoolExecutor.java:1090)
	at java.base/java.util.concurrent.ThreadPoolExecutor$Worker.run(ThreadPoolExecutor.java:614)
	at java.base/java.lang.Thread.run(Thread.java:1474)
Caused by: java.util.concurrent.CompletionException: java.lang.RuntimeException: Unable to authenticate with 'YggdrasilServer{apiRoot='https://littleskin.cn/api/yggdrasil/', name='LittleSkin', nonEmailLogin=false}' ((POST https://littleskin.cn/api/yggdrasil/authserver/authenticate) 200 with java.net.http.HttpHeaders@22a440b1 { {:status=[200], content-length=[1374], content-type=[application/json; charset=utf-8], date=[Thu, 01 Oct 2026 06:19:47 GMT], etag=[W/"55e-XhzQhPF+AOtOtY0vm7f2/uZBk4w"], ohc-cache-hit=[qd12ct57 [1], czix57 [1]], ohc-file-size=[1374], server=[nginx], strict-transport-security=[max-age=63072000; includeSubDomains], x-cache-status=[MISS], x-powered-by=[Express], x-ratelimit-limit=[60], x-ratelimit-remaining=[59], x-ratelimit-reset=[60], x-yggdralt-req-id=[363932993280118784]} }): {"accessToken":"eyJhbGciOiJSUzI1NiIsInR5cCI6IkpXVCIsImtpZCI6Ijlvc3R5V1VzLXBPempUdmNkQXB2Sjl5Qk1NMF9DNUlkYnlPc3RsUmlaWE0ifQ.eyJqdGkiOiI0ZTJkMjBjNi0yZjE3LTQ1YmYtYjViNy0zNTAwZTNiMGIyYWIiLCJzdWIiOiI1NzYxOTgiLCJhdWQiOiI4NjUiLCJuYmYiOjE3OTA4MzU1ODcsImV4cCI6MTc5MTA5NDc4Nywic2NvcGVzIjpbIllnZ2RyYXNpbC5QbGF5ZXJQcm9maWxlcy5TZWxlY3QiLCJZZ2dkcmFzaWwuU2VydmVyLkpvaW4iXSwic2VsZWN0ZWRQcm9maWxlIjpudWxsLCJpYXQiOjE3OTA4MzU1ODcsImlzcyI6IllnZ2RyYXNpbCBDb25uZWN0In0.j8UVqDR00PII1Q2ZL8AknAiDzhyHZohsqj-1IH2qRQdwohk6u9rLJftP2BfFDpbp1ddIJ6gsZAZfm37w8bwYihcBPR_suGGfsjL1xWECWkmr4mluNsbHXQw9vUpuGWspP-TuwvWn4sNNgpDKs5tQF4PdNUP-bM3FFC2vZFAsC7ZDkjMtOo_v0JIwRVjw3EPIRXLZFQZvPNK7FpPY0H3PdyelAWcYUgvEMqg6x9y4cRPx-bETgiKmlPs4NppIQHEKOMA7v_T1-LJLdfeFT6Fok1A-ARTKGwgmc19Klk5FYhyeJTV-PrjXl75tbfPh1X-SiQUoYbNywnrmHX0PUGRAOA8hme2is40cJhCtoToPZoNzEH4_McsFb2U9g2cQ8T6eUg-JxgRWVW8DfXPTFhVUOdd6fq4bEgJusmCQoRnXkvvCS8c4Mx92srOajaFxVumnd6ZW1ES9HMhC08yFIuQqQHBagM02QOC-nJxzbTbaxy3ctUzTmfY5e1uGGdVXZUx6tdJ1XSCwslazb6zxCQDRJ6sYXJn1Oct8kmvpFRGPP4-XDcSowACfxJwS6Kje7eOrSuT0bXPENJkCsQOmMaECVOlO1JeySuw6daU3dR6gn4lx4sP447S7CPuHCaY_YKzyjmkx5FJ6kKFI9oaeCn3pt7H0ECoEUGz4gOPhIxgHwpw","clientToken":"10e37609-ddda-4bc5-96b7-23bff35c45a0","availableProfiles":[{"id":"3cbaf379935a44cda4b10943a04727ae","name":"Su_nanxu"},{"id":"c52bd655f0d540eab139ed3875313445","name":"fsdfsc"}],"user":{"id":"937a964e68cd551f95bbfc7a1a0136ad"}}
	at java.base/java.util.concurrent.CompletableFuture.wrapInCompletionException(CompletableFuture.java:323)
	at java.base/java.util.concurrent.CompletableFuture.encodeThrowable(CompletableFuture.java:359)
	at java.base/java.util.concurrent.CompletableFuture.completeThrowable(CompletableFuture.java:364)
	at java.base/java.util.concurrent.CompletableFuture$UniApply.tryFire(CompletableFuture.java:670)
	... 7 more
Caused by: java.lang.RuntimeException: Unable to authenticate with 'YggdrasilServer{apiRoot='https://littleskin.cn/api/yggdrasil/', name='LittleSkin', nonEmailLogin=false}' ((POST https://littleskin.cn/api/yggdrasil/authserver/authenticate) 200 with java.net.http.HttpHeaders@22a440b1 { {:status=[200], content-length=[1374], content-type=[application/json; charset=utf-8], date=[Thu, 01 Oct 2026 06:19:47 GMT], etag=[W/"55e-XhzQhPF+AOtOtY0vm7f2/uZBk4w"], ohc-cache-hit=[qd12ct57 [1], czix57 [1]], ohc-file-size=[1374], server=[nginx], strict-transport-security=[max-age=63072000; includeSubDomains], x-cache-status=[MISS], x-powered-by=[Express], x-ratelimit-limit=[60], x-ratelimit-remaining=[59], x-ratelimit-reset=[60], x-yggdralt-req-id=[363932993280118784]} }): {"accessToken":"eyJhbGciOiJSUzI1NiIsInR5cCI6IkpXVCIsImtpZCI6Ijlvc3R5V1VzLXBPempUdmNkQXB2Sjl5Qk1NMF9DNUlkYnlPc3RsUmlaWE0ifQ.eyJqdGkiOiI0ZTJkMjBjNi0yZjE3LTQ1YmYtYjViNy0zNTAwZTNiMGIyYWIiLCJzdWIiOiI1NzYxOTgiLCJhdWQiOiI4NjUiLCJuYmYiOjE3OTA4MzU1ODcsImV4cCI6MTc5MTA5NDc4Nywic2NvcGVzIjpbIllnZ2RyYXNpbC5QbGF5ZXJQcm9maWxlcy5TZWxlY3QiLCJZZ2dkcmFzaWwuU2VydmVyLkpvaW4iXSwic2VsZWN0ZWRQcm9maWxlIjpudWxsLCJpYXQiOjE3OTA4MzU1ODcsImlzcyI6IllnZ2RyYXNpbCBDb25uZWN0In0.j8UVqDR00PII1Q2ZL8AknAiDzhyHZohsqj-1IH2qRQdwohk6u9rLJftP2BfFDpbp1ddIJ6gsZAZfm37w8bwYihcBPR_suGGfsjL1xWECWkmr4mluNsbHXQw9vUpuGWspP-TuwvWn4sNNgpDKs5tQF4PdNUP-bM3FFC2vZFAsC7ZDkjMtOo_v0JIwRVjw3EPIRXLZFQZvPNK7FpPY0H3PdyelAWcYUgvEMqg6x9y4cRPx-bETgiKmlPs4NppIQHEKOMA7v_T1-LJLdfeFT6Fok1A-ARTKGwgmc19Klk5FYhyeJTV-PrjXl75tbfPh1X-SiQUoYbNywnrmHX0PUGRAOA8hme2is40cJhCtoToPZoNzEH4_McsFb2U9g2cQ8T6eUg-JxgRWVW8DfXPTFhVUOdd6fq4bEgJusmCQoRnXkvvCS8c4Mx92srOajaFxVumnd6ZW1ES9HMhC08yFIuQqQHBagM02QOC-nJxzbTbaxy3ctUzTmfY5e1uGGdVXZUx6tdJ1XSCwslazb6zxCQDRJ6sYXJn1Oct8kmvpFRGPP4-XDcSowACfxJwS6Kje7eOrSuT0bXPENJkCsQOmMaECVOlO1JeySuw6daU3dR6gn4lx4sP447S7CPuHCaY_YKzyjmkx5FJ6kKFI9oaeCn3pt7H0ECoEUGz4gOPhIxgHwpw","clientToken":"10e37609-ddda-4bc5-96b7-23bff35c45a0","availableProfiles":[{"id":"3cbaf379935a44cda4b10943a04727ae","name":"Su_nanxu"},{"id":"c52bd655f0d540eab139ed3875313445","name":"fsdfsc"}],"user":{"id":"937a964e68cd551f95bbfc7a1a0136ad"}}
	at knot//ru.vidtu.ias.auth.yggdrasil.YggdrasilAuth.lambda$authenticate$0(YggdrasilAuth.java:285)
	at java.base/java.util.concurrent.CompletableFuture$UniApply.tryFire(CompletableFuture.java:667)
	... 7 more
Caused by: com.google.gson.JsonParseException: Unable to parse YggdrasilSession: {"accessToken":"eyJhbGciOiJSUzI1NiIsInR5cCI6IkpXVCIsImtpZCI6Ijlvc3R5V1VzLXBPempUdmNkQXB2Sjl5Qk1NMF9DNUlkYnlPc3RsUmlaWE0ifQ.eyJqdGkiOiI0ZTJkMjBjNi0yZjE3LTQ1YmYtYjViNy0zNTAwZTNiMGIyYWIiLCJzdWIiOiI1NzYxOTgiLCJhdWQiOiI4NjUiLCJuYmYiOjE3OTA4MzU1ODcsImV4cCI6MTc5MTA5NDc4Nywic2NvcGVzIjpbIllnZ2RyYXNpbC5QbGF5ZXJQcm9maWxlcy5TZWxlY3QiLCJZZ2dkcmFzaWwuU2VydmVyLkpvaW4iXSwic2VsZWN0ZWRQcm9maWxlIjpudWxsLCJpYXQiOjE3OTA4MzU1ODcsImlzcyI6IllnZ2RyYXNpbCBDb25uZWN0In0.j8UVqDR00PII1Q2ZL8AknAiDzhyHZohsqj-1IH2qRQdwohk6u9rLJftP2BfFDpbp1ddIJ6gsZAZfm37w8bwYihcBPR_suGGfsjL1xWECWkmr4mluNsbHXQw9vUpuGWspP-TuwvWn4sNNgpDKs5tQF4PdNUP-bM3FFC2vZFAsC7ZDkjMtOo_v0JIwRVjw3EPIRXLZFQZvPNK7FpPY0H3PdyelAWcYUgvEMqg6x9y4cRPx-bETgiKmlPs4NppIQHEKOMA7v_T1-LJLdfeFT6Fok1A-ARTKGwgmc19Klk5FYhyeJTV-PrjXl75tbfPh1X-SiQUoYbNywnrmHX0PUGRAOA8hme2is40cJhCtoToPZoNzEH4_McsFb2U9g2cQ8T6eUg-JxgRWVW8DfXPTFhVUOdd6fq4bEgJusmCQoRnXkvvCS8c4Mx92srOajaFxVumnd6ZW1ES9HMhC08yFIuQqQHBagM02QOC-nJxzbTbaxy3ctUzTmfY5e1uGGdVXZUx6tdJ1XSCwslazb6zxCQDRJ6sYXJn1Oct8kmvpFRGPP4-XDcSowACfxJwS6Kje7eOrSuT0bXPENJkCsQOmMaECVOlO1JeySuw6daU3dR6gn4lx4sP447S7CPuHCaY_YKzyjmkx5FJ6kKFI9oaeCn3pt7H0ECoEUGz4gOPhIxgHwpw","clientToken":"10e37609-ddda-4bc5-96b7-23bff35c45a0","availableProfiles":[{"id":"3cbaf379935a44cda4b10943a04727ae","name":"Su_nanxu"},{"id":"c52bd655f0d540eab139ed3875313445","name":"fsdfsc"}],"user":{"id":"937a964e68cd551f95bbfc7a1a0136ad"}}
	at knot//ru.vidtu.ias.auth.yggdrasil.YggdrasilSession.fromJson(YggdrasilSession.java:66)
	at knot//ru.vidtu.ias.auth.yggdrasil.YggdrasilAuth.lambda$authenticate$0(YggdrasilAuth.java:280)
	... 8 more
Caused by: com.google.gson.JsonParseException: Expected to have object 'selectedProfile': {"accessToken":"eyJhbGciOiJSUzI1NiIsInR5cCI6IkpXVCIsImtpZCI6Ijlvc3R5V1VzLXBPempUdmNkQXB2Sjl5Qk1NMF9DNUlkYnlPc3RsUmlaWE0ifQ.eyJqdGkiOiI0ZTJkMjBjNi0yZjE3LTQ1YmYtYjViNy0zNTAwZTNiMGIyYWIiLCJzdWIiOiI1NzYxOTgiLCJhdWQiOiI4NjUiLCJuYmYiOjE3OTA4MzU1ODcsImV4cCI6MTc5MTA5NDc4Nywic2NvcGVzIjpbIllnZ2RyYXNpbC5QbGF5ZXJQcm9maWxlcy5TZWxlY3QiLCJZZ2dkcmFzaWwuU2VydmVyLkpvaW4iXSwic2VsZWN0ZWRQcm9maWxlIjpudWxsLCJpYXQiOjE3OTA4MzU1ODcsImlzcyI6IllnZ2RyYXNpbCBDb25uZWN0In0.j8UVqDR00PII1Q2ZL8AknAiDzhyHZohsqj-1IH2qRQdwohk6u9rLJftP2BfFDpbp1ddIJ6gsZAZfm37w8bwYihcBPR_suGGfsjL1xWECWkmr4mluNsbHXQw9vUpuGWspP-TuwvWn4sNNgpDKs5tQF4PdNUP-bM3FFC2vZFAsC7ZDkjMtOo_v0JIwRVjw3EPIRXLZFQZvPNK7FpPY0H3PdyelAWcYUgvEMqg6x9y4cRPx-bETgiKmlPs4NppIQHEKOMA7v_T1-LJLdfeFT6Fok1A-ARTKGwgmc19Klk5FYhyeJTV-PrjXl75tbfPh1X-SiQUoYbNywnrmHX0PUGRAOA8hme2is40cJhCtoToPZoNzEH4_McsFb2U9g2cQ8T6eUg-JxgRWVW8DfXPTFhVUOdd6fq4bEgJusmCQoRnXkvvCS8c4Mx92srOajaFxVumnd6ZW1ES9HMhC08yFIuQqQHBagM02QOC-nJxzbTbaxy3ctUzTmfY5e1uGGdVXZUx6tdJ1XSCwslazb6zxCQDRJ6sYXJn1Oct8kmvpFRGPP4-XDcSowACfxJwS6Kje7eOrSuT0bXPENJkCsQOmMaECVOlO1JeySuw6daU3dR6gn4lx4sP447S7CPuHCaY_YKzyjmkx5FJ6kKFI9oaeCn3pt7H0ECoEUGz4gOPhIxgHwpw","clientToken":"10e37609-ddda-4bc5-96b7-23bff35c45a0","availableProfiles":[{"id":"3cbaf379935a44cda4b10943a04727ae","name":"Su_nanxu"},{"id":"c52bd655f0d540eab139ed3875313445","name":"fsdfsc"}],"user":{"id":"937a964e68cd551f95bbfc7a1a0136ad"}}
	at knot//ru.vidtu.ias.utils.GSONUtils.getObjectOrThrow(GSONUtils.java:134)
	at knot//ru.vidtu.ias.auth.yggdrasil.YggdrasilSession.fromJson(YggdrasilSession.java:60)
	... 9 more
Caused by: java.lang.NullPointerException: Cannot invoke "com.google.gson.JsonElement.getAsJsonObject()" because the return value of "com.google.gson.JsonObject.get(String)" is null
	at knot//ru.vidtu.ias.utils.GSONUtils.getObjectOrThrow(GSONUtils.java:132)
	... 10 more
[14:19:55] [Render thread/INFO]: IAS: Locating Yggdrasil server 'https://littleskin.cn/api/yggdrasil'...
[14:19:55] [IAS/INFO]: IAS: Authenticating with 'YggdrasilServer{apiRoot='https://littleskin.cn/api/yggdrasil/', name='LittleSkin', nonEmailLogin=false}'...
[14:19:56] [IAS/ERROR]: IAS: Create error.
java.lang.RuntimeException: Unable to create a Yggdrasil account.
	at knot//ru.vidtu.ias.auth.yggdrasil.YggdrasilCreate.lambda$create$2(YggdrasilCreate.java:116)
	at java.base/java.util.concurrent.CompletableFuture.uniExceptionally(CompletableFuture.java:1011)
	at java.base/java.util.concurrent.CompletableFuture$UniExceptionally.tryFire(CompletableFuture.java:995)
	at java.base/java.util.concurrent.CompletableFuture$Completion.run(CompletableFuture.java:503)
	at java.base/java.util.concurrent.Executors$RunnableAdapter.call(Executors.java:545)
	at java.base/java.util.concurrent.FutureTask.run(FutureTask.java:328)
	at java.base/java.util.concurrent.ScheduledThreadPoolExecutor$ScheduledFutureTask.run(ScheduledThreadPoolExecutor.java:309)
	at java.base/java.util.concurrent.ThreadPoolExecutor.runWorker(ThreadPoolExecutor.java:1090)
	at java.base/java.util.concurrent.ThreadPoolExecutor$Worker.run(ThreadPoolExecutor.java:614)
	at java.base/java.lang.Thread.run(Thread.java:1474)
Caused by: java.util.concurrent.CompletionException: java.lang.RuntimeException: Unable to authenticate with 'YggdrasilServer{apiRoot='https://littleskin.cn/api/yggdrasil/', name='LittleSkin', nonEmailLogin=false}' ((POST https://littleskin.cn/api/yggdrasil/authserver/authenticate) 200 with java.net.http.HttpHeaders@55b6cc91 { {:status=[200], content-length=[1374], content-type=[application/json; charset=utf-8], date=[Thu, 01 Oct 2026 06:19:53 GMT], etag=[W/"55e-LXAWqmExGNUQQA3G1XZfxXWrCPY"], ohc-cache-hit=[qd12ct57 [1], czix57 [1]], ohc-file-size=[1374], server=[nginx], strict-transport-security=[max-age=63072000; includeSubDomains], x-cache-status=[MISS], x-powered-by=[Express], x-ratelimit-limit=[60], x-ratelimit-remaining=[58], x-ratelimit-reset=[48], x-yggdralt-req-id=[363933018043289600]} }): {"accessToken":"eyJhbGciOiJSUzI1NiIsInR5cCI6IkpXVCIsImtpZCI6Ijlvc3R5V1VzLXBPempUdmNkQXB2Sjl5Qk1NMF9DNUlkYnlPc3RsUmlaWE0ifQ.eyJqdGkiOiIzMzk4YTE3Yi0yYjhjLTRhY2YtOTQ3Ni1iMDdjYzg1YTcxNGIiLCJzdWIiOiI1NzYxOTgiLCJhdWQiOiI4NjUiLCJuYmYiOjE3OTA4MzU1OTMsImV4cCI6MTc5MTA5NDc5Mywic2NvcGVzIjpbIllnZ2RyYXNpbC5QbGF5ZXJQcm9maWxlcy5TZWxlY3QiLCJZZ2dkcmFzaWwuU2VydmVyLkpvaW4iXSwic2VsZWN0ZWRQcm9maWxlIjpudWxsLCJpYXQiOjE3OTA4MzU1OTMsImlzcyI6IllnZ2RyYXNpbCBDb25uZWN0In0.YRAFZjf7r1sAzQGRwf5TZBONYjErEwBC4KL53x6P5DABzR9u1dfBylP6UZjWaX23_-ix0erlborsqbBc5kJ1dypl2c4wGAHxtvOKe5JYCWhFGCog3Tgotk3CUwSOZldPLW_03e9OVv3HgRCdJAQfLU3YrYmje9jPPUpf-zs0pSvBrxQt2SdHuc94ETggD3d4GYeLIlmLF1MQhq_T1URRcNvEEVnRCgFQCz2h5Vp-boyjxDXVTHerhnwsOkqakWD4mt6Kjt8TeOqHFNQUtbTiSNn2ZQURhCgDHts3Z_tXqwyXx1v6OTYgLMNk3mpXZuRuEH6y-cftafKKF2_YAaTqRLv9QwRKAnrpZ0diMWM3PFdIwhkDKBpOAFDsf2MnyESTwFGgmX4MWECaRnIcxd35XViqX2LhO4Vn1HiS0-vQkwfwxTYBtJsOYx_WqOn8sCOxeF2MROergbSzQRGaL5DiselxkVsRUeyjetvJgxrl55ZqNJNDwAIBThmNhmc0KrY5kzQlC6RP9PxlwbNuwohkmWRnxb9fbgGEiX5JyZy1HMVpPbn6BRaxn5Pl3zwQBoVphDmdrakR5djFfRDukKhHBEmW09xk4Hkak64P5HcpUzfHZN1BHusGsGDarMB3A5Ob0CPxamLTi7Ac0Q1OvjI8wHQqUg2B7eG1R4o3SGtV7EQ","clientToken":"679dd904-c7e6-4662-8e73-1d44d21c2979","availableProfiles":[{"id":"3cbaf379935a44cda4b10943a04727ae","name":"Su_nanxu"},{"id":"c52bd655f0d540eab139ed3875313445","name":"fsdfsc"}],"user":{"id":"937a964e68cd551f95bbfc7a1a0136ad"}}
	at java.base/java.util.concurrent.CompletableFuture.wrapInCompletionException(CompletableFuture.java:323)
	at java.base/java.util.concurrent.CompletableFuture.encodeThrowable(CompletableFuture.java:359)
	at java.base/java.util.concurrent.CompletableFuture.completeThrowable(CompletableFuture.java:364)
	at java.base/java.util.concurrent.CompletableFuture$UniApply.tryFire(CompletableFuture.java:670)
	... 7 more
Caused by: java.lang.RuntimeException: Unable to authenticate with 'YggdrasilServer{apiRoot='https://littleskin.cn/api/yggdrasil/', name='LittleSkin', nonEmailLogin=false}' ((POST https://littleskin.cn/api/yggdrasil/authserver/authenticate) 200 with java.net.http.HttpHeaders@55b6cc91 { {:status=[200], content-length=[1374], content-type=[application/json; charset=utf-8], date=[Thu, 01 Oct 2026 06:19:53 GMT], etag=[W/"55e-LXAWqmExGNUQQA3G1XZfxXWrCPY"], ohc-cache-hit=[qd12ct57 [1], czix57 [1]], ohc-file-size=[1374], server=[nginx], strict-transport-security=[max-age=63072000; includeSubDomains], x-cache-status=[MISS], x-powered-by=[Express], x-ratelimit-limit=[60], x-ratelimit-remaining=[58], x-ratelimit-reset=[48], x-yggdralt-req-id=[363933018043289600]} }): {"accessToken":"eyJhbGciOiJSUzI1NiIsInR5cCI6IkpXVCIsImtpZCI6Ijlvc3R5V1VzLXBPempUdmNkQXB2Sjl5Qk1NMF9DNUlkYnlPc3RsUmlaWE0ifQ.eyJqdGkiOiIzMzk4YTE3Yi0yYjhjLTRhY2YtOTQ3Ni1iMDdjYzg1YTcxNGIiLCJzdWIiOiI1NzYxOTgiLCJhdWQiOiI4NjUiLCJuYmYiOjE3OTA4MzU1OTMsImV4cCI6MTc5MTA5NDc5Mywic2NvcGVzIjpbIllnZ2RyYXNpbC5QbGF5ZXJQcm9maWxlcy5TZWxlY3QiLCJZZ2dkcmFzaWwuU2VydmVyLkpvaW4iXSwic2VsZWN0ZWRQcm9maWxlIjpudWxsLCJpYXQiOjE3OTA4MzU1OTMsImlzcyI6IllnZ2RyYXNpbCBDb25uZWN0In0.YRAFZjf7r1sAzQGRwf5TZBONYjErEwBC4KL53x6P5DABzR9u1dfBylP6UZjWaX23_-ix0erlborsqbBc5kJ1dypl2c4wGAHxtvOKe5JYCWhFGCog3Tgotk3CUwSOZldPLW_03e9OVv3HgRCdJAQfLU3YrYmje9jPPUpf-zs0pSvBrxQt2SdHuc94ETggD3d4GYeLIlmLF1MQhq_T1URRcNvEEVnRCgFQCz2h5Vp-boyjxDXVTHerhnwsOkqakWD4mt6Kjt8TeOqHFNQUtbTiSNn2ZQURhCgDHts3Z_tXqwyXx1v6OTYgLMNk3mpXZuRuEH6y-cftafKKF2_YAaTqRLv9QwRKAnrpZ0diMWM3PFdIwhkDKBpOAFDsf2MnyESTwFGgmX4MWECaRnIcxd35XViqX2LhO4Vn1HiS0-vQkwfwxTYBtJsOYx_WqOn8sCOxeF2MROergbSzQRGaL5DiselxkVsRUeyjetvJgxrl55ZqNJNDwAIBThmNhmc0KrY5kzQlC6RP9PxlwbNuwohkmWRnxb9fbgGEiX5JyZy1HMVpPbn6BRaxn5Pl3zwQBoVphDmdrakR5djFfRDukKhHBEmW09xk4Hkak64P5HcpUzfHZN1BHusGsGDarMB3A5Ob0CPxamLTi7Ac0Q1OvjI8wHQqUg2B7eG1R4o3SGtV7EQ","clientToken":"679dd904-c7e6-4662-8e73-1d44d21c2979","availableProfiles":[{"id":"3cbaf379935a44cda4b10943a04727ae","name":"Su_nanxu"},{"id":"c52bd655f0d540eab139ed3875313445","name":"fsdfsc"}],"user":{"id":"937a964e68cd551f95bbfc7a1a0136ad"}}
	at knot//ru.vidtu.ias.auth.yggdrasil.YggdrasilAuth.lambda$authenticate$0(YggdrasilAuth.java:285)
	at java.base/java.util.concurrent.CompletableFuture$UniApply.tryFire(CompletableFuture.java:667)
	... 7 more
Caused by: com.google.gson.JsonParseException: Unable to parse YggdrasilSession: {"accessToken":"eyJhbGciOiJSUzI1NiIsInR5cCI6IkpXVCIsImtpZCI6Ijlvc3R5V1VzLXBPempUdmNkQXB2Sjl5Qk1NMF9DNUlkYnlPc3RsUmlaWE0ifQ.eyJqdGkiOiIzMzk4YTE3Yi0yYjhjLTRhY2YtOTQ3Ni1iMDdjYzg1YTcxNGIiLCJzdWIiOiI1NzYxOTgiLCJhdWQiOiI4NjUiLCJuYmYiOjE3OTA4MzU1OTMsImV4cCI6MTc5MTA5NDc5Mywic2NvcGVzIjpbIllnZ2RyYXNpbC5QbGF5ZXJQcm9maWxlcy5TZWxlY3QiLCJZZ2dkcmFzaWwuU2VydmVyLkpvaW4iXSwic2VsZWN0ZWRQcm9maWxlIjpudWxsLCJpYXQiOjE3OTA4MzU1OTMsImlzcyI6IllnZ2RyYXNpbCBDb25uZWN0In0.YRAFZjf7r1sAzQGRwf5TZBONYjErEwBC4KL53x6P5DABzR9u1dfBylP6UZjWaX23_-ix0erlborsqbBc5kJ1dypl2c4wGAHxtvOKe5JYCWhFGCog3Tgotk3CUwSOZldPLW_03e9OVv3HgRCdJAQfLU3YrYmje9jPPUpf-zs0pSvBrxQt2SdHuc94ETggD3d4GYeLIlmLF1MQhq_T1URRcNvEEVnRCgFQCz2h5Vp-boyjxDXVTHerhnwsOkqakWD4mt6Kjt8TeOqHFNQUtbTiSNn2ZQURhCgDHts3Z_tXqwyXx1v6OTYgLMNk3mpXZuRuEH6y-cftafKKF2_YAaTqRLv9QwRKAnrpZ0diMWM3PFdIwhkDKBpOAFDsf2MnyESTwFGgmX4MWECaRnIcxd35XViqX2LhO4Vn1HiS0-vQkwfwxTYBtJsOYx_WqOn8sCOxeF2MROergbSzQRGaL5DiselxkVsRUeyjetvJgxrl55ZqNJNDwAIBThmNhmc0KrY5kzQlC6RP9PxlwbNuwohkmWRnxb9fbgGEiX5JyZy1HMVpPbn6BRaxn5Pl3zwQBoVphDmdrakR5djFfRDukKhHBEmW09xk4Hkak64P5HcpUzfHZN1BHusGsGDarMB3A5Ob0CPxamLTi7Ac0Q1OvjI8wHQqUg2B7eG1R4o3SGtV7EQ","clientToken":"679dd904-c7e6-4662-8e73-1d44d21c2979","availableProfiles":[{"id":"3cbaf379935a44cda4b10943a04727ae","name":"Su_nanxu"},{"id":"c52bd655f0d540eab139ed3875313445","name":"fsdfsc"}],"user":{"id":"937a964e68cd551f95bbfc7a1a0136ad"}}
	at knot//ru.vidtu.ias.auth.yggdrasil.YggdrasilSession.fromJson(YggdrasilSession.java:66)
	at knot//ru.vidtu.ias.auth.yggdrasil.YggdrasilAuth.lambda$authenticate$0(YggdrasilAuth.java:280)
	... 8 more
Caused by: com.google.gson.JsonParseException: Expected to have object 'selectedProfile': {"accessToken":"eyJhbGciOiJSUzI1NiIsInR5cCI6IkpXVCIsImtpZCI6Ijlvc3R5V1VzLXBPempUdmNkQXB2Sjl5Qk1NMF9DNUlkYnlPc3RsUmlaWE0ifQ.eyJqdGkiOiIzMzk4YTE3Yi0yYjhjLTRhY2YtOTQ3Ni1iMDdjYzg1YTcxNGIiLCJzdWIiOiI1NzYxOTgiLCJhdWQiOiI4NjUiLCJuYmYiOjE3OTA4MzU1OTMsImV4cCI6MTc5MTA5NDc5Mywic2NvcGVzIjpbIllnZ2RyYXNpbC5QbGF5ZXJQcm9maWxlcy5TZWxlY3QiLCJZZ2dkcmFzaWwuU2VydmVyLkpvaW4iXSwic2VsZWN0ZWRQcm9maWxlIjpudWxsLCJpYXQiOjE3OTA4MzU1OTMsImlzcyI6IllnZ2RyYXNpbCBDb25uZWN0In0.YRAFZjf7r1sAzQGRwf5TZBONYjErEwBC4KL53x6P5DABzR9u1dfBylP6UZjWaX23_-ix0erlborsqbBc5kJ1dypl2c4wGAHxtvOKe5JYCWhFGCog3Tgotk3CUwSOZldPLW_03e9OVv3HgRCdJAQfLU3YrYmje9jPPUpf-zs0pSvBrxQt2SdHuc94ETggD3d4GYeLIlmLF1MQhq_T1URRcNvEEVnRCgFQCz2h5Vp-boyjxDXVTHerhnwsOkqakWD4mt6Kjt8TeOqHFNQUtbTiSNn2ZQURhCgDHts3Z_tXqwyXx1v6OTYgLMNk3mpXZuRuEH6y-cftafKKF2_YAaTqRLv9QwRKAnrpZ0diMWM3PFdIwhkDKBpOAFDsf2MnyESTwFGgmX4MWECaRnIcxd35XViqX2LhO4Vn1HiS0-vQkwfwxTYBtJsOYx_WqOn8sCOxeF2MROergbSzQRGaL5DiselxkVsRUeyjetvJgxrl55ZqNJNDwAIBThmNhmc0KrY5kzQlC6RP9PxlwbNuwohkmWRnxb9fbgGEiX5JyZy1HMVpPbn6BRaxn5Pl3zwQBoVphDmdrakR5djFfRDukKhHBEmW09xk4Hkak64P5HcpUzfHZN1BHusGsGDarMB3A5Ob0CPxamLTi7Ac0Q1OvjI8wHQqUg2B7eG1R4o3SGtV7EQ","clientToken":"679dd904-c7e6-4662-8e73-1d44d21c2979","availableProfiles":[{"id":"3cbaf379935a44cda4b10943a04727ae","name":"Su_nanxu"},{"id":"c52bd655f0d540eab139ed3875313445","name":"fsdfsc"}],"user":{"id":"937a964e68cd551f95bbfc7a1a0136ad"}}
	at knot//ru.vidtu.ias.utils.GSONUtils.getObjectOrThrow(GSONUtils.java:134)
	at knot//ru.vidtu.ias.auth.yggdrasil.YggdrasilSession.fromJson(YggdrasilSession.java:60)
	... 9 more
Caused by: java.lang.NullPointerException: Cannot invoke "com.google.gson.JsonElement.getAsJsonObject()" because the return value of "com.google.gson.JsonObject.get(String)" is null
	at knot//ru.vidtu.ias.utils.GSONUtils.getObjectOrThrow(GSONUtils.java:132)
	... 10 more
